"HITId","HITTypeId","Title","Description","Keywords","Reward","CreationTime","MaxAssignments","RequesterAnnotation","AssignmentDurationInSeconds","AutoApprovalDelayInSeconds","Expiration","NumberOfSimilarHITs","LifetimeInSeconds","AssignmentId","WorkerId","AssignmentStatus","AcceptTime","SubmitTime","AutoApprovalTime","ApprovalTime","RejectionTime","RequesterFeedback","WorkTimeInSeconds","LifetimeApprovalRate","Last30DaysApprovalRate","Last7DaysApprovalRate","Input.name","Input.release_year","Input.exp_release_date","Input.developer","Input.esrb","Input.rating","Input.genres","Input.player_perspective","Input.has_multiplayer","Input.platforms","Input.available_on_steam","Input.has_linux_release","Input.has_mac_release","Input.specifier","Answer.utterance","Approve","Reject"
"3X52SWXE0XQY9VI2QNS08J9QBGTCWO","3D9187VUCM5WKLNGHPE2LEFFNJ2IUG","Write a question about a video game (type: request; attributes: 1)","Produce a casual conversational question prompting for the name of a video game based on a given specifier","dialog, video game, writing, entertainment, chat, conversation, creative","$0.06","Tue Apr 23 20:32:55 PDT 2019","2","BatchId:3618515;OriginalHitTemplateId:920937336;","3600","1296000","Fri Apr 26 20:32:55 PDT 2019","","","3E7TUJ2EGD80OB92NAIL2PFNI47D98","A2ITJNPW1LDUN7","Approved","Wed Apr 24 20:30:24 PDT 2019","Wed Apr 24 20:31:55 PDT 2019","Thu May 09 20:31:55 PDT 2019","Sat Apr 27 21:44:58 PDT 2019","","","91","100% (35/35)","100% (35/35)","100% (34/34)","","","","","","","","","","","","","","Specifier: <b>upcoming</b>","Are there any upcoming games youre in'terested in?"
"3X52SWXE0XQY9VI2QNS08J9QBGTCWO","3D9187VUCM5WKLNGHPE2LEFFNJ2IUG","Write a question about a video game (type: request; attributes: 1)","Produce a casual conversational question prompting for the name of a video game based on a given specifier","dialog, video game, writing, entertainment, chat, conversation, creative","$0.06","Tue Apr 23 20:32:55 PDT 2019","2","BatchId:3618515;OriginalHitTemplateId:920937336;","3600","1296000","Fri Apr 26 20:32:55 PDT 2019","","","3OF2M9AATHAN88XPJPY7JQC6HH0KZH","A1MW021IG07IMF","Approved","Wed Apr 24 21:15:44 PDT 2019","Wed Apr 24 21:16:19 PDT 2019","Thu May 09 21:16:19 PDT 2019","Sat Apr 27 21:44:58 PDT 2019","","","35","100% (150/150)","100% (150/150)","100% (30/30)","","","","","","","","","","","","","","Specifier: <b>upcoming</b>","Is there any upcoming game you're looking forward to?"
"386T3MLZLNG3P2R4G4JAZ243KKT80C","3D9187VUCM5WKLNGHPE2LEFFNJ2IUG","Write a question about a video game (type: request; attributes: 1)","Produce a casual conversational question prompting for the name of a video game based on a given specifier","dialog, video game, writing, entertainment, chat, conversation, creative","$0.06","Tue Apr 23 20:32:55 PDT 2019","2","BatchId:3618515;OriginalHitTemplateId:920937336;","3600","1296000","Fri Apr 26 20:32:55 PDT 2019","","","3I3WADAZ9RQ8RLYFATJK13MK0MW5O7","A2ITJNPW1LDUN7","Approved","Wed Apr 24 20:31:55 PDT 2019","Wed Apr 24 20:35:42 PDT 2019","Thu May 09 20:35:42 PDT 2019","Sat Apr 27 21:44:58 PDT 2019","","","227","100% (35/35)","100% (35/35)","100% (34/34)","","","","","","","","","","","","","","Specifier: <b>funniest</b>","what's the funniest game you've played?"
"386T3MLZLNG3P2R4G4JAZ243KKT80C","3D9187VUCM5WKLNGHPE2LEFFNJ2IUG","Write a question about a video game (type: request; attributes: 1)","Produce a casual conversational question prompting for the name of a video game based on a given specifier","dialog, video game, writing, entertainment, chat, conversation, creative","$0.06","Tue Apr 23 20:32:55 PDT 2019","2","BatchId:3618515;OriginalHitTemplateId:920937336;","3600","1296000","Fri Apr 26 20:32:55 PDT 2019","","","3J2UYBXQQMYJ786ADRRE3842YFX606","A1MW021IG07IMF","Approved","Wed Apr 24 21:17:03 PDT 2019","Wed Apr 24 21:17:16 PDT 2019","Thu May 09 21:17:16 PDT 2019","Sat Apr 27 21:44:58 PDT 2019","","","13","100% (150/150)","100% (150/150)","100% (30/30)","","","","","","","","","","","","","","Specifier: <b>funniest</b>","What do you think is the funniest game of all time?"
"37SDSEDIN9N3WRCMCNNAD7NDPCZ81F","3D9187VUCM5WKLNGHPE2LEFFNJ2IUG","Write a question about a video game (type: request; attributes: 1)","Produce a casual conversational question prompting for the name of a video game based on a given specifier","dialog, video game, writing, entertainment, chat, conversation, creative","$0.06","Tue Apr 23 20:32:55 PDT 2019","2","BatchId:3618515;OriginalHitTemplateId:920937336;","3600","1296000","Fri Apr 26 20:32:55 PDT 2019","","","33FOTY3KEN78UE0TJ18H3DFMZS81CO","A2ITJNPW1LDUN7","Approved","Wed Apr 24 20:33:22 PDT 2019","Wed Apr 24 20:36:41 PDT 2019","Thu May 09 20:36:41 PDT 2019","Sat Apr 27 21:44:58 PDT 2019","","","199","100% (35/35)","100% (35/35)","100% (34/34)","","","","","","","","","","","","","","Specifier: <b>bizarre</b>","What's a really bizarre game?"
"37SDSEDIN9N3WRCMCNNAD7NDPCZ81F","3D9187VUCM5WKLNGHPE2LEFFNJ2IUG","Write a question about a video game (type: request; attributes: 1)","Produce a casual conversational question prompting for the name of a video game based on a given specifier","dialog, video game, writing, entertainment, chat, conversation, creative","$0.06","Tue Apr 23 20:32:55 PDT 2019","2","BatchId:3618515;OriginalHitTemplateId:920937336;","3600","1296000","Fri Apr 26 20:32:55 PDT 2019","","","3ZAK8W07I5049JWB99PHJEII11I0U5","A1MW021IG07IMF","Approved","Wed Apr 24 21:23:30 PDT 2019","Wed Apr 24 21:23:46 PDT 2019","Thu May 09 21:23:46 PDT 2019","Sat Apr 27 21:44:58 PDT 2019","","","16","100% (150/150)","100% (150/150)","100% (30/30)","","","","","","","","","","","","","","Specifier: <b>bizarre</b>","What's a game you know of that you would describe as bizarre?"
"3E22YV8GG1RRGQIS3RNJW0V6HN4PNO","3D9187VUCM5WKLNGHPE2LEFFNJ2IUG","Write a question about a video game (type: request; attributes: 1)","Produce a casual conversational question prompting for the name of a video game based on a given specifier","dialog, video game, writing, entertainment, chat, conversation, creative","$0.06","Tue Apr 23 20:32:55 PDT 2019","2","BatchId:3618515;OriginalHitTemplateId:920937336;","3600","1296000","Fri Apr 26 20:32:55 PDT 2019","","","3I33IC7ZWGORQKLRIRC421Z3ROA2AZ","A1MW021IG07IMF","Approved","Tue Apr 23 21:08:19 PDT 2019","Tue Apr 23 21:09:02 PDT 2019","Wed May 08 21:09:02 PDT 2019","Sat Apr 27 21:44:58 PDT 2019","","","43","100% (150/150)","100% (150/150)","100% (30/30)","","","","","","","","","","","","","","Specifier: <b>realistic</b>","Is there a game you can think of that you'd say is very realistic?"
"3E22YV8GG1RRGQIS3RNJW0V6HN4PNO","3D9187VUCM5WKLNGHPE2LEFFNJ2IUG","Write a question about a video game (type: request; attributes: 1)","Produce a casual conversational question prompting for the name of a video game based on a given specifier","dialog, video game, writing, entertainment, chat, conversation, creative","$0.06","Tue Apr 23 20:32:55 PDT 2019","2","BatchId:3618515;OriginalHitTemplateId:920937336;","3600","1296000","Fri Apr 26 20:32:55 PDT 2019","","","3NS0A6KXC5UI6M16TYDSLYKDAZDGZ2","A2ITJNPW1LDUN7","Approved","Wed Apr 24 20:33:51 PDT 2019","Wed Apr 24 20:37:01 PDT 2019","Thu May 09 20:37:01 PDT 2019","Sat Apr 27 21:44:58 PDT 2019","","","190","100% (35/35)","100% (35/35)","100% (34/34)","","","","","","","","","","","","","","Specifier: <b>realistic</b>","What's a good realistic game?"
"3UQ1LLR26ATU5M952VP7TD2MD64ALR","3D9187VUCM5WKLNGHPE2LEFFNJ2IUG","Write a question about a video game (type: request; attributes: 1)","Produce a casual conversational question prompting for the name of a video game based on a given specifier","dialog, video game, writing, entertainment, chat, conversation, creative","$0.06","Tue Apr 23 20:32:55 PDT 2019","2","BatchId:3618515;OriginalHitTemplateId:920937336;","3600","1296000","Fri Apr 26 20:32:55 PDT 2019","","","3GLB5JMZFYHF3LWA1GOVU61AMH2DGZ","A2ITJNPW1LDUN7","Approved","Wed Apr 24 20:30:33 PDT 2019","Wed Apr 24 20:33:27 PDT 2019","Thu May 09 20:33:27 PDT 2019","Sat Apr 27 21:44:59 PDT 2019","","","174","100% (35/35)","100% (35/35)","100% (34/34)","","","","","","","","","","","","","","Specifier: <b>dramatic</b>","What's a good dramatic game for me?"
"3UQ1LLR26ATU5M952VP7TD2MD64ALR","3D9187VUCM5WKLNGHPE2LEFFNJ2IUG","Write a question about a video game (type: request; attributes: 1)","Produce a casual conversational question prompting for the name of a video game based on a given specifier","dialog, video game, writing, entertainment, chat, conversation, creative","$0.06","Tue Apr 23 20:32:55 PDT 2019","2","BatchId:3618515;OriginalHitTemplateId:920937336;","3600","1296000","Fri Apr 26 20:32:55 PDT 2019","","","3X31TUMD7Y81XIUZWE1G6W59T2UL1Y","A1MW021IG07IMF","Approved","Wed Apr 24 21:22:56 PDT 2019","Wed Apr 24 21:23:12 PDT 2019","Thu May 09 21:23:12 PDT 2019","Sat Apr 27 21:44:59 PDT 2019","","","16","100% (150/150)","100% (150/150)","100% (30/30)","","","","","","","","","","","","","","Specifier: <b>dramatic</b>","What's a game you played lately that you felt was dramatic?"
"3FSEU3P2NRLX71QZ9Q8PAF0VJ2HRR6","3D9187VUCM5WKLNGHPE2LEFFNJ2IUG","Write a question about a video game (type: request; attributes: 1)","Produce a casual conversational question prompting for the name of a video game based on a given specifier","dialog, video game, writing, entertainment, chat, conversation, creative","$0.06","Tue Apr 23 20:32:55 PDT 2019","2","BatchId:3618515;OriginalHitTemplateId:920937336;","3600","1296000","Fri Apr 26 20:32:55 PDT 2019","","","3C6FJU71TRF16ESWHH0QB6C2DDNUYO","A2ITJNPW1LDUN7","Approved","Wed Apr 24 20:30:37 PDT 2019","Wed Apr 24 20:33:59 PDT 2019","Thu May 09 20:33:59 PDT 2019","Sat Apr 27 21:44:59 PDT 2019","","","202","100% (35/35)","100% (35/35)","100% (34/34)","","","","","","","","","","","","","","Specifier: <b>frustrating</b>","What's a game that you found frustrating?"
"3FSEU3P2NRLX71QZ9Q8PAF0VJ2HRR6","3D9187VUCM5WKLNGHPE2LEFFNJ2IUG","Write a question about a video game (type: request; attributes: 1)","Produce a casual conversational question prompting for the name of a video game based on a given specifier","dialog, video game, writing, entertainment, chat, conversation, creative","$0.06","Tue Apr 23 20:32:55 PDT 2019","2","BatchId:3618515;OriginalHitTemplateId:920937336;","3600","1296000","Fri Apr 26 20:32:55 PDT 2019","","","3YGXWBAF713PMDXC6JRJ1BMPBDPC4L","A1MW021IG07IMF","Approved","Wed Apr 24 21:20:03 PDT 2019","Wed Apr 24 21:20:17 PDT 2019","Thu May 09 21:20:17 PDT 2019","Sat Apr 27 21:44:59 PDT 2019","","","14","100% (150/150)","100% (150/150)","100% (30/30)","","","","","","","","","","","","","","Specifier: <b>frustrating</b>","What's the most frustrating game you played recently?"
"3RKHNXPHGWH30P5LN0UXEE11V9RKUA","3D9187VUCM5WKLNGHPE2LEFFNJ2IUG","Write a question about a video game (type: request; attributes: 1)","Produce a casual conversational question prompting for the name of a video game based on a given specifier","dialog, video game, writing, entertainment, chat, conversation, creative","$0.06","Tue Apr 23 20:32:55 PDT 2019","2","BatchId:3618515;OriginalHitTemplateId:920937336;","3600","1296000","Fri Apr 26 20:32:55 PDT 2019","","","32RIADZISTQ5TUM835HJGGQ7X8D4ST","A1MW021IG07IMF","Approved","Tue Apr 23 21:12:59 PDT 2019","Tue Apr 23 21:13:25 PDT 2019","Wed May 08 21:13:25 PDT 2019","Sat Apr 27 21:44:59 PDT 2019","","","26","100% (150/150)","100% (150/150)","100% (30/30)","","","","","","","","","","","","","","Specifier: <b>annoying</b>","Have you ever played a game that you just found annoying?"
"3RKHNXPHGWH30P5LN0UXEE11V9RKUA","3D9187VUCM5WKLNGHPE2LEFFNJ2IUG","Write a question about a video game (type: request; attributes: 1)","Produce a casual conversational question prompting for the name of a video game based on a given specifier","dialog, video game, writing, entertainment, chat, conversation, creative","$0.06","Tue Apr 23 20:32:55 PDT 2019","2","BatchId:3618515;OriginalHitTemplateId:920937336;","3600","1296000","Fri Apr 26 20:32:55 PDT 2019","","","3WYGZ5XF3X1Q7WBBOX4ZNXF3U1TSKB","A2ITJNPW1LDUN7","Approved","Wed Apr 24 20:30:00 PDT 2019","Wed Apr 24 20:31:11 PDT 2019","Thu May 09 20:31:11 PDT 2019","Sat Apr 27 21:44:59 PDT 2019","","","71","100% (35/35)","100% (35/35)","100% (34/34)","","","","","","","","","","","","","","Specifier: <b>annoying</b>","what's an annoying game you've played?"
"3GVPRXWRPHFAWJ31APGAR684VU4I7U","3D9187VUCM5WKLNGHPE2LEFFNJ2IUG","Write a question about a video game (type: request; attributes: 1)","Produce a casual conversational question prompting for the name of a video game based on a given specifier","dialog, video game, writing, entertainment, chat, conversation, creative","$0.06","Tue Apr 23 20:32:55 PDT 2019","2","BatchId:3618515;OriginalHitTemplateId:920937336;","3600","1296000","Fri Apr 26 20:32:55 PDT 2019","","","3IFS6Q0HJJ5Z11LNOUJNAH0Q2X4ISQ","A2ITJNPW1LDUN7","Approved","Wed Apr 24 20:30:35 PDT 2019","Wed Apr 24 20:33:41 PDT 2019","Thu May 09 20:33:41 PDT 2019","Sat Apr 27 21:44:59 PDT 2019","","","186","100% (35/35)","100% (35/35)","100% (34/34)","","","","","","","","","","","","","","Specifier: <b>over-complicated</b>","Have you played any over-complicated games recentlyu?"
"3GVPRXWRPHFAWJ31APGAR684VU4I7U","3D9187VUCM5WKLNGHPE2LEFFNJ2IUG","Write a question about a video game (type: request; attributes: 1)","Produce a casual conversational question prompting for the name of a video game based on a given specifier","dialog, video game, writing, entertainment, chat, conversation, creative","$0.06","Tue Apr 23 20:32:55 PDT 2019","2","BatchId:3618515;OriginalHitTemplateId:920937336;","3600","1296000","Fri Apr 26 20:32:55 PDT 2019","","","3YHH42UU5C11QT9H0VXGSRMZOANL0U","A1MW021IG07IMF","Approved","Wed Apr 24 21:21:00 PDT 2019","Wed Apr 24 21:21:20 PDT 2019","Thu May 09 21:21:20 PDT 2019","Sat Apr 27 21:44:59 PDT 2019","","","20","100% (150/150)","100% (150/150)","100% (30/30)","","","","","","","","","","","","","","Specifier: <b>over-complicated</b>","Have you ever played a game that you just felt was way over-complicated?"
"3D06DR52254EB4RQ27QMTQHBDBUAMT","3D9187VUCM5WKLNGHPE2LEFFNJ2IUG","Write a question about a video game (type: request; attributes: 1)","Produce a casual conversational question prompting for the name of a video game based on a given specifier","dialog, video game, writing, entertainment, chat, conversation, creative","$0.06","Tue Apr 23 20:32:55 PDT 2019","2","BatchId:3618515;OriginalHitTemplateId:920937336;","3600","1296000","Fri Apr 26 20:32:55 PDT 2019","","","36DSNE9QZ6KGYKD0ZVNE2D5PINQOJB","A2ITJNPW1LDUN7","Approved","Wed Apr 24 20:32:08 PDT 2019","Wed Apr 24 20:35:58 PDT 2019","Thu May 09 20:35:58 PDT 2019","Sat Apr 27 21:45:00 PDT 2019","","","230","100% (35/35)","100% (35/35)","100% (34/34)","","","","","","","","","","","","","","Specifier: <b>limiting</b>","Are there any games you've found pretty limiting?"
"3D06DR52254EB4RQ27QMTQHBDBUAMT","3D9187VUCM5WKLNGHPE2LEFFNJ2IUG","Write a question about a video game (type: request; attributes: 1)","Produce a casual conversational question prompting for the name of a video game based on a given specifier","dialog, video game, writing, entertainment, chat, conversation, creative","$0.06","Tue Apr 23 20:32:55 PDT 2019","2","BatchId:3618515;OriginalHitTemplateId:920937336;","3600","1296000","Fri Apr 26 20:32:55 PDT 2019","","","3Z3ZLGNNSJG8YIORBNNVBBJ01SU3QW","A1MW021IG07IMF","Approved","Wed Apr 24 21:18:06 PDT 2019","Wed Apr 24 21:18:39 PDT 2019","Thu May 09 21:18:39 PDT 2019","Sat Apr 27 21:45:00 PDT 2019","","","33","100% (150/150)","100% (150/150)","100% (30/30)","","","","","","","","","","","","","","Specifier: <b>limiting</b>","Have you ever played a game where while playing it you found it very limiting?"
"3PCPFX4U40B0SA6Q5GJVO0C7KS4FQY","3D9187VUCM5WKLNGHPE2LEFFNJ2IUG","Write a question about a video game (type: request; attributes: 1)","Produce a casual conversational question prompting for the name of a video game based on a given specifier","dialog, video game, writing, entertainment, chat, conversation, creative","$0.06","Tue Apr 23 20:32:55 PDT 2019","2","BatchId:3618515;OriginalHitTemplateId:920937336;","3600","1296000","Fri Apr 26 20:32:55 PDT 2019","","","3PDJHANYK62UI8C6BZYZ903JKVT6H0","A2ITJNPW1LDUN7","Approved","Wed Apr 24 20:33:28 PDT 2019","Wed Apr 24 20:36:49 PDT 2019","Thu May 09 20:36:49 PDT 2019","Sat Apr 27 21:45:00 PDT 2019","","","201","100% (35/35)","100% (35/35)","100% (34/34)","","","","","","","","","","","","","","Specifier: <b>first</b>","What's the first game you ever played?"
"3PCPFX4U40B0SA6Q5GJVO0C7KS4FQY","3D9187VUCM5WKLNGHPE2LEFFNJ2IUG","Write a question about a video game (type: request; attributes: 1)","Produce a casual conversational question prompting for the name of a video game based on a given specifier","dialog, video game, writing, entertainment, chat, conversation, creative","$0.06","Tue Apr 23 20:32:55 PDT 2019","2","BatchId:3618515;OriginalHitTemplateId:920937336;","3600","1296000","Fri Apr 26 20:32:55 PDT 2019","","","3Y9N9SS8LZXE99KM61HBBCC1I5BD3R","A30L6SDLOKQJJO","Approved","Tue Apr 23 21:41:56 PDT 2019","Tue Apr 23 21:42:21 PDT 2019","Wed May 08 21:42:21 PDT 2019","Sat Apr 27 21:45:00 PDT 2019","","","25","100% (15/15)","100% (15/15)","100% (13/13)","","","","","","","","","","","","","","Specifier: <b>first</b>","What was the first game you played this year?"
"3U18MJKL1U78M19OYM1DC0WZI4PNC8","3D9187VUCM5WKLNGHPE2LEFFNJ2IUG","Write a question about a video game (type: request; attributes: 1)","Produce a casual conversational question prompting for the name of a video game based on a given specifier","dialog, video game, writing, entertainment, chat, conversation, creative","$0.06","Tue Apr 23 20:32:55 PDT 2019","2","BatchId:3618515;OriginalHitTemplateId:920937336;","3600","1296000","Fri Apr 26 20:32:55 PDT 2019","","","3LYA37P8IR9RQAU9DBI4X853Q6LKB2","A30L6SDLOKQJJO","Approved","Tue Apr 23 21:42:46 PDT 2019","Tue Apr 23 21:43:08 PDT 2019","Wed May 08 21:43:08 PDT 2019","Sat Apr 27 21:45:00 PDT 2019","","","22","100% (15/15)","100% (15/15)","100% (13/13)","","","","","","","","","","","","","","Specifier: <b>disappointing</b>","What was the most disappointing release in your opinion this year?"
"3U18MJKL1U78M19OYM1DC0WZI4PNC8","3D9187VUCM5WKLNGHPE2LEFFNJ2IUG","Write a question about a video game (type: request; attributes: 1)","Produce a casual conversational question prompting for the name of a video game based on a given specifier","dialog, video game, writing, entertainment, chat, conversation, creative","$0.06","Tue Apr 23 20:32:55 PDT 2019","2","BatchId:3618515;OriginalHitTemplateId:920937336;","3600","1296000","Fri Apr 26 20:32:55 PDT 2019","","","3WSELTNVR4OLAJF416W03O8TR8DTAM","A2ITJNPW1LDUN7","Approved","Wed Apr 24 20:31:11 PDT 2019","Wed Apr 24 20:35:00 PDT 2019","Thu May 09 20:35:00 PDT 2019","Sat Apr 27 21:45:00 PDT 2019","","","229","100% (35/35)","100% (35/35)","100% (34/34)","","","","","","","","","","","","","","Specifier: <b>disappointing</b>","What game did you find disappointing?"
"324N5FAHSXW3D4ULSQ42A03K9G0KVZ","3D9187VUCM5WKLNGHPE2LEFFNJ2IUG","Write a question about a video game (type: request; attributes: 1)","Produce a casual conversational question prompting for the name of a video game based on a given specifier","dialog, video game, writing, entertainment, chat, conversation, creative","$0.06","Tue Apr 23 20:32:55 PDT 2019","2","BatchId:3618515;OriginalHitTemplateId:920937336;","3600","1296000","Fri Apr 26 20:32:55 PDT 2019","","","30JNVC0ORA6NSQVQQ8CXF5KAKW4QHG","A2ITJNPW1LDUN7","Approved","Wed Apr 24 20:30:42 PDT 2019","Wed Apr 24 20:34:38 PDT 2019","Thu May 09 20:34:38 PDT 2019","Sat Apr 27 21:45:00 PDT 2019","","","236","100% (35/35)","100% (35/35)","100% (34/34)","","","","","","","","","","","","","","Specifier: <b>surprising</b>","What's a game whose quality you found surprisng?"
"324N5FAHSXW3D4ULSQ42A03K9G0KVZ","3D9187VUCM5WKLNGHPE2LEFFNJ2IUG","Write a question about a video game (type: request; attributes: 1)","Produce a casual conversational question prompting for the name of a video game based on a given specifier","dialog, video game, writing, entertainment, chat, conversation, creative","$0.06","Tue Apr 23 20:32:55 PDT 2019","2","BatchId:3618515;OriginalHitTemplateId:920937336;","3600","1296000","Fri Apr 26 20:32:55 PDT 2019","","","3OLF68YTNANBREX36MRBMKTS0SJAFV","A30L6SDLOKQJJO","Approved","Tue Apr 23 21:41:34 PDT 2019","Tue Apr 23 21:41:56 PDT 2019","Wed May 08 21:41:56 PDT 2019","Sat Apr 27 21:45:01 PDT 2019","","","22","100% (15/15)","100% (15/15)","100% (13/13)","","","","","","","","","","","","","","Specifier: <b>surprising</b>","Did any games really surprise you when you first played it this year?"
"3TC2K6WK9GNALCUIVRNOIQXIHID82W","3D9187VUCM5WKLNGHPE2LEFFNJ2IUG","Write a question about a video game (type: request; attributes: 1)","Produce a casual conversational question prompting for the name of a video game based on a given specifier","dialog, video game, writing, entertainment, chat, conversation, creative","$0.06","Tue Apr 23 20:32:55 PDT 2019","2","BatchId:3618515;OriginalHitTemplateId:920937336;","3600","1296000","Fri Apr 26 20:32:55 PDT 2019","","","3907X2AHF1RYDORT7AU1SWOYQH12PK","A2ITJNPW1LDUN7","Approved","Wed Apr 24 20:31:19 PDT 2019","Wed Apr 24 20:35:08 PDT 2019","Thu May 09 20:35:08 PDT 2019","Sat Apr 27 21:45:01 PDT 2019","","","229","100% (35/35)","100% (35/35)","100% (34/34)","","","","","","","","","","","","","","Specifier: <b>addictive</b>","Are there any games you find really addictive?"
"3TC2K6WK9GNALCUIVRNOIQXIHID82W","3D9187VUCM5WKLNGHPE2LEFFNJ2IUG","Write a question about a video game (type: request; attributes: 1)","Produce a casual conversational question prompting for the name of a video game based on a given specifier","dialog, video game, writing, entertainment, chat, conversation, creative","$0.06","Tue Apr 23 20:32:55 PDT 2019","2","BatchId:3618515;OriginalHitTemplateId:920937336;","3600","1296000","Fri Apr 26 20:32:55 PDT 2019","","","3KJYX6QCMAXBO4MX079SX5ZXE91VJK","A30L6SDLOKQJJO","Approved","Tue Apr 23 21:44:03 PDT 2019","Tue Apr 23 21:44:20 PDT 2019","Wed May 08 21:44:20 PDT 2019","Sat Apr 27 21:45:01 PDT 2019","","","17","100% (15/15)","100% (15/15)","100% (13/13)","","","","","","","","","","","","","","Specifier: <b>addictive</b>","What game did you find yourself most addicted to playing this year?"
"3IHWR4LC7DYEWX8KKU8G564Z6EAI8H","3D9187VUCM5WKLNGHPE2LEFFNJ2IUG","Write a question about a video game (type: request; attributes: 1)","Produce a casual conversational question prompting for the name of a video game based on a given specifier","dialog, video game, writing, entertainment, chat, conversation, creative","$0.06","Tue Apr 23 20:32:55 PDT 2019","2","BatchId:3618515;OriginalHitTemplateId:920937336;","3600","1296000","Wed Apr 24 20:32:55 PDT 2019","","","3B837J3LDPICU0O6EHDWO91HPMWSRZ","A1MW021IG07IMF","Approved","Tue Apr 23 21:09:20 PDT 2019","Tue Apr 23 21:09:43 PDT 2019","Wed May 08 21:09:43 PDT 2019","Sat Apr 27 21:45:01 PDT 2019","","","23","100% (150/150)","100% (150/150)","100% (30/30)","","","","","","","","","","","","","","Specifier: <b>shocking</b>","I'm wondering, have you played any games you found genuinely shocking?"
"3IHWR4LC7DYEWX8KKU8G564Z6EAI8H","3D9187VUCM5WKLNGHPE2LEFFNJ2IUG","Write a question about a video game (type: request; attributes: 1)","Produce a casual conversational question prompting for the name of a video game based on a given specifier","dialog, video game, writing, entertainment, chat, conversation, creative","$0.06","Tue Apr 23 20:32:55 PDT 2019","2","BatchId:3618515;OriginalHitTemplateId:920937336;","3600","1296000","Wed Apr 24 20:32:55 PDT 2019","","","3YDGXNSEO0GNAA7ZP7BEZPQ6LEA841","A30L6SDLOKQJJO","Approved","Tue Apr 23 21:42:21 PDT 2019","Tue Apr 23 21:42:46 PDT 2019","Wed May 08 21:42:46 PDT 2019","Sat Apr 27 21:45:01 PDT 2019","","","25","100% (15/15)","100% (15/15)","100% (13/13)","","","","","","","","","","","","","","Specifier: <b>shocking</b>","Did any games that you've played recently have particularly shocking endings?"
"3JMQI2OLFZQIRTF2YIWOW6EH341ND8","3D9187VUCM5WKLNGHPE2LEFFNJ2IUG","Write a question about a video game (type: request; attributes: 1)","Produce a casual conversational question prompting for the name of a video game based on a given specifier","dialog, video game, writing, entertainment, chat, conversation, creative","$0.06","Tue Apr 23 20:32:55 PDT 2019","2","BatchId:3618515;OriginalHitTemplateId:920937336;","3600","1296000","Fri Apr 26 20:32:55 PDT 2019","","","323Q6SJS8J2Q115HCS1336GWDN5FH7","A1MW021IG07IMF","Approved","Tue Apr 23 21:15:22 PDT 2019","Tue Apr 23 21:15:52 PDT 2019","Wed May 08 21:15:52 PDT 2019","Sat Apr 27 21:45:01 PDT 2019","","","30","100% (150/150)","100% (150/150)","100% (30/30)","","","","","","","","","","","","","","Specifier: <b>fascinating</b>","Is there any game you've played lately that you felt was fascinating?"
"3JMQI2OLFZQIRTF2YIWOW6EH341ND8","3D9187VUCM5WKLNGHPE2LEFFNJ2IUG","Write a question about a video game (type: request; attributes: 1)","Produce a casual conversational question prompting for the name of a video game based on a given specifier","dialog, video game, writing, entertainment, chat, conversation, creative","$0.06","Tue Apr 23 20:32:55 PDT 2019","2","BatchId:3618515;OriginalHitTemplateId:920937336;","3600","1296000","Fri Apr 26 20:32:55 PDT 2019","","","3IJXV6UZ1Y5N0MLA95JIK7VUGVLIR2","A2ITJNPW1LDUN7","Approved","Wed Apr 24 20:30:34 PDT 2019","Wed Apr 24 20:33:33 PDT 2019","Thu May 09 20:33:33 PDT 2019","Sat Apr 27 21:45:01 PDT 2019","","","179","100% (35/35)","100% (35/35)","100% (34/34)","","","","","","","","","","","","","","Specifier: <b>fascinating</b>","Are there any fascinating games you'd recommend?"
"33CLA8O0MIW04BLQIV8VTQMCGE6FRZ","3D9187VUCM5WKLNGHPE2LEFFNJ2IUG","Write a question about a video game (type: request; attributes: 1)","Produce a casual conversational question prompting for the name of a video game based on a given specifier","dialog, video game, writing, entertainment, chat, conversation, creative","$0.06","Tue Apr 23 20:32:55 PDT 2019","2","BatchId:3618515;OriginalHitTemplateId:920937336;","3600","1296000","Fri Apr 26 20:32:55 PDT 2019","","","37M28K1J0RZRWGJZPCIW1ILKT7VAJ9","A1MW021IG07IMF","Approved","Wed Apr 24 21:22:36 PDT 2019","Wed Apr 24 21:22:56 PDT 2019","Thu May 09 21:22:56 PDT 2019","Sat Apr 27 21:45:01 PDT 2019","","","20","100% (150/150)","100% (150/150)","100% (30/30)","","","","","","","","","","","","","","Specifier: <b>ridiculous</b>","Is there a game you know of that you just thought was ridiculous?"
"33CLA8O0MIW04BLQIV8VTQMCGE6FRZ","3D9187VUCM5WKLNGHPE2LEFFNJ2IUG","Write a question about a video game (type: request; attributes: 1)","Produce a casual conversational question prompting for the name of a video game based on a given specifier","dialog, video game, writing, entertainment, chat, conversation, creative","$0.06","Tue Apr 23 20:32:55 PDT 2019","2","BatchId:3618515;OriginalHitTemplateId:920937336;","3600","1296000","Fri Apr 26 20:32:55 PDT 2019","","","3MAOD8E57RWZBJIDFK22EXDZ3B0NXJ","A2ITJNPW1LDUN7","Approved","Wed Apr 24 20:30:47 PDT 2019","Wed Apr 24 20:30:58 PDT 2019","Thu May 09 20:30:58 PDT 2019","Sat Apr 27 21:45:01 PDT 2019","","","11","100% (35/35)","100% (35/35)","100% (34/34)","","","","","","","","","","","","","","Specifier: <b>ridiculous</b>","Do you know any solid ridiculous games?"
"3N5YJ55YXGOKTMCQE85M656BI14ANT","3D9187VUCM5WKLNGHPE2LEFFNJ2IUG","Write a question about a video game (type: request; attributes: 1)","Produce a casual conversational question prompting for the name of a video game based on a given specifier","dialog, video game, writing, entertainment, chat, conversation, creative","$0.06","Tue Apr 23 20:32:55 PDT 2019","2","BatchId:3618515;OriginalHitTemplateId:920937336;","3600","1296000","Fri Apr 26 20:32:55 PDT 2019","","","3GDTJDAPVVX3E0W5VBBALJ767DQ8M7","A1MW021IG07IMF","Approved","Wed Apr 24 21:23:12 PDT 2019","Wed Apr 24 21:23:29 PDT 2019","Thu May 09 21:23:29 PDT 2019","Sat Apr 27 21:45:02 PDT 2019","","","17","100% (150/150)","100% (150/150)","100% (30/30)","","","","","","","","","","","","","","Specifier: <b>quick-to-learn</b>","Is there a game you played lately that was quick-to-learn?"
"3N5YJ55YXGOKTMCQE85M656BI14ANT","3D9187VUCM5WKLNGHPE2LEFFNJ2IUG","Write a question about a video game (type: request; attributes: 1)","Produce a casual conversational question prompting for the name of a video game based on a given specifier","dialog, video game, writing, entertainment, chat, conversation, creative","$0.06","Tue Apr 23 20:32:55 PDT 2019","2","BatchId:3618515;OriginalHitTemplateId:920937336;","3600","1296000","Fri Apr 26 20:32:55 PDT 2019","","","3R08VXYT7DHVJYL0P8PRGHD2UUPW7O","A2ITJNPW1LDUN7","Approved","Wed Apr 24 20:32:02 PDT 2019","Wed Apr 24 20:35:50 PDT 2019","Thu May 09 20:35:50 PDT 2019","Sat Apr 27 21:45:02 PDT 2019","","","228","100% (35/35)","100% (35/35)","100% (34/34)","","","","","","","","","","","","","","Specifier: <b>quick-to-learn</b>","Can you suggest a quick-to-learn game?"
"33NKDW9FFX3DYVNS0SOMA2NXKIZCXH","3D9187VUCM5WKLNGHPE2LEFFNJ2IUG","Write a question about a video game (type: request; attributes: 1)","Produce a casual conversational question prompting for the name of a video game based on a given specifier","dialog, video game, writing, entertainment, chat, conversation, creative","$0.06","Tue Apr 23 20:32:55 PDT 2019","2","BatchId:3618515;OriginalHitTemplateId:920937336;","3600","1296000","Fri Apr 26 20:32:55 PDT 2019","","","34J10VATJGKNOL6AWQUIFHLPK9JQI9","A2ITJNPW1LDUN7","Approved","Wed Apr 24 20:30:42 PDT 2019","Wed Apr 24 20:30:47 PDT 2019","Thu May 09 20:30:47 PDT 2019","Sat Apr 27 21:45:02 PDT 2019","","","5","100% (35/35)","100% (35/35)","100% (34/34)","","","","","","","","","","","","","","Specifier: <b>scary</b>","What's a good scary game?"
"33NKDW9FFX3DYVNS0SOMA2NXKIZCXH","3D9187VUCM5WKLNGHPE2LEFFNJ2IUG","Write a question about a video game (type: request; attributes: 1)","Produce a casual conversational question prompting for the name of a video game based on a given specifier","dialog, video game, writing, entertainment, chat, conversation, creative","$0.06","Tue Apr 23 20:32:55 PDT 2019","2","BatchId:3618515;OriginalHitTemplateId:920937336;","3600","1296000","Fri Apr 26 20:32:55 PDT 2019","","","3VW6495TLKMINNC1RIXFERIF9UCYYQ","A30L6SDLOKQJJO","Approved","Tue Apr 23 21:44:50 PDT 2019","Tue Apr 23 21:45:10 PDT 2019","Wed May 08 21:45:10 PDT 2019","Sat Apr 27 21:45:02 PDT 2019","","","20","100% (15/15)","100% (15/15)","100% (13/13)","","","","","","","","","","","","","","Specifier: <b>scary</b>","Of all the horror games released this year, which one do you find to be the scariest?"
"338GLSUI43WC5QL3XK80J0R82GPFSN","3D9187VUCM5WKLNGHPE2LEFFNJ2IUG","Write a question about a video game (type: request; attributes: 1)","Produce a casual conversational question prompting for the name of a video game based on a given specifier","dialog, video game, writing, entertainment, chat, conversation, creative","$0.06","Tue Apr 23 20:32:55 PDT 2019","2","BatchId:3618515;OriginalHitTemplateId:920937336;","3600","1296000","Fri Apr 26 20:32:55 PDT 2019","","","3IQ1VMJRYU62Q46Q30RJCO7HXUK9AY","A1MW021IG07IMF","Approved","Tue Apr 23 21:12:40 PDT 2019","Tue Apr 23 21:12:59 PDT 2019","Wed May 08 21:12:59 PDT 2019","Sat Apr 27 21:45:02 PDT 2019","","","19","100% (150/150)","100% (150/150)","100% (30/30)","","","","","","","","","","","","","","Specifier: <b>worst looking</b>","What is the worst looking video game you ever encountered?"
"338GLSUI43WC5QL3XK80J0R82GPFSN","3D9187VUCM5WKLNGHPE2LEFFNJ2IUG","Write a question about a video game (type: request; attributes: 1)","Produce a casual conversational question prompting for the name of a video game based on a given specifier","dialog, video game, writing, entertainment, chat, conversation, creative","$0.06","Tue Apr 23 20:32:55 PDT 2019","2","BatchId:3618515;OriginalHitTemplateId:920937336;","3600","1296000","Fri Apr 26 20:32:55 PDT 2019","","","3K2755HG5TP9PL0FQWIDCL1YL22DF0","A2ITJNPW1LDUN7","Approved","Wed Apr 24 20:30:31 PDT 2019","Wed Apr 24 20:32:39 PDT 2019","Thu May 09 20:32:39 PDT 2019","Sat Apr 27 21:45:02 PDT 2019","","","128","100% (35/35)","100% (35/35)","100% (34/34)","","","","","","","","","","","","","","Specifier: <b>worst looking</b>","What's the worst looking game you've played recently?"
"34OWYT6U3W2EA2RUPMEU52ZAQKSI96","3D9187VUCM5WKLNGHPE2LEFFNJ2IUG","Write a question about a video game (type: request; attributes: 1)","Produce a casual conversational question prompting for the name of a video game based on a given specifier","dialog, video game, writing, entertainment, chat, conversation, creative","$0.06","Tue Apr 23 20:32:55 PDT 2019","2","BatchId:3618515;OriginalHitTemplateId:920937336;","3600","1296000","Fri Apr 26 20:32:55 PDT 2019","","","34QN5IT0T0D6BMPY66OCNM0T4AN80U","A1MW021IG07IMF","Approved","Wed Apr 24 21:16:19 PDT 2019","Wed Apr 24 21:16:32 PDT 2019","Thu May 09 21:16:32 PDT 2019","Sat Apr 27 21:45:02 PDT 2019","","","13","100% (150/150)","100% (150/150)","100% (30/30)","","","","","","","","","","","","","","Specifier: <b>visually impressive</b>","What's a visually impressive game that you played lately?"
"34OWYT6U3W2EA2RUPMEU52ZAQKSI96","3D9187VUCM5WKLNGHPE2LEFFNJ2IUG","Write a question about a video game (type: request; attributes: 1)","Produce a casual conversational question prompting for the name of a video game based on a given specifier","dialog, video game, writing, entertainment, chat, conversation, creative","$0.06","Tue Apr 23 20:32:55 PDT 2019","2","BatchId:3618515;OriginalHitTemplateId:920937336;","3600","1296000","Fri Apr 26 20:32:55 PDT 2019","","","3OJSZ2ATDTI16F6GT72IQH0PAXM75J","A2ITJNPW1LDUN7","Approved","Wed Apr 24 20:33:53 PDT 2019","Wed Apr 24 20:37:09 PDT 2019","Thu May 09 20:37:09 PDT 2019","Sat Apr 27 21:45:02 PDT 2019","","","196","100% (35/35)","100% (35/35)","100% (34/34)","","","","","","","","","","","","","","Specifier: <b>visually impressive</b>","Can you suggest a really visually impressive game?"
"3FO95NVK5CL98GQCOF8U0P5R540RSU","3D9187VUCM5WKLNGHPE2LEFFNJ2IUG","Write a question about a video game (type: request; attributes: 1)","Produce a casual conversational question prompting for the name of a video game based on a given specifier","dialog, video game, writing, entertainment, chat, conversation, creative","$0.06","Tue Apr 23 20:32:55 PDT 2019","2","BatchId:3618515;OriginalHitTemplateId:920937336;","3600","1296000","Fri Apr 26 20:32:55 PDT 2019","","","3IGI0VL6486CHA4LETF6VKM6R82ONO","A1MW021IG07IMF","Approved","Wed Apr 24 21:18:39 PDT 2019","Wed Apr 24 21:18:52 PDT 2019","Thu May 09 21:18:52 PDT 2019","Sat Apr 27 21:45:03 PDT 2019","","","13","100% (150/150)","100% (150/150)","100% (30/30)","","","","","","","","","","","","","","Specifier: <b>last</b>","What's the last video game you played?"
"3FO95NVK5CL98GQCOF8U0P5R540RSU","3D9187VUCM5WKLNGHPE2LEFFNJ2IUG","Write a question about a video game (type: request; attributes: 1)","Produce a casual conversational question prompting for the name of a video game based on a given specifier","dialog, video game, writing, entertainment, chat, conversation, creative","$0.06","Tue Apr 23 20:32:55 PDT 2019","2","BatchId:3618515;OriginalHitTemplateId:920937336;","3600","1296000","Fri Apr 26 20:32:55 PDT 2019","","","3RJSC4XJ11GNO46W88H9B2Q22JG05C","A2ITJNPW1LDUN7","Approved","Wed Apr 24 20:30:38 PDT 2019","Wed Apr 24 20:34:05 PDT 2019","Thu May 09 20:34:05 PDT 2019","Sat Apr 27 21:45:03 PDT 2019","","","207","100% (35/35)","100% (35/35)","100% (34/34)","","","","","","","","","","","","","","Specifier: <b>last</b>","What's the last game you played?"
"3SX4X51T80U2B7C2FN5ZLU6G8B9AO8","3D9187VUCM5WKLNGHPE2LEFFNJ2IUG","Write a question about a video game (type: request; attributes: 1)","Produce a casual conversational question prompting for the name of a video game based on a given specifier","dialog, video game, writing, entertainment, chat, conversation, creative","$0.06","Tue Apr 23 20:32:55 PDT 2019","2","BatchId:3618515;OriginalHitTemplateId:920937336;","3600","1296000","Fri Apr 26 20:32:55 PDT 2019","","","386CSBG1O087V1B9UPLTIEVKBJVQ6O","A1MW021IG07IMF","Approved","Wed Apr 24 21:17:35 PDT 2019","Wed Apr 24 21:17:59 PDT 2019","Thu May 09 21:17:59 PDT 2019","Sat Apr 27 21:45:03 PDT 2019","","","24","100% (150/150)","100% (150/150)","100% (30/30)","","","","","","","","","","","","","","Specifier: <b>short</b>","Played any short games lately?"
"3SX4X51T80U2B7C2FN5ZLU6G8B9AO8","3D9187VUCM5WKLNGHPE2LEFFNJ2IUG","Write a question about a video game (type: request; attributes: 1)","Produce a casual conversational question prompting for the name of a video game based on a given specifier","dialog, video game, writing, entertainment, chat, conversation, creative","$0.06","Tue Apr 23 20:32:55 PDT 2019","2","BatchId:3618515;OriginalHitTemplateId:920937336;","3600","1296000","Fri Apr 26 20:32:55 PDT 2019","","","3LOZAJ85YEZ3MXTKT14IM9A1SG9X22","A2ITJNPW1LDUN7","Approved","Wed Apr 24 20:29:49 PDT 2019","Wed Apr 24 20:30:30 PDT 2019","Thu May 09 20:30:30 PDT 2019","Sat Apr 27 21:45:03 PDT 2019","","","41","100% (35/35)","100% (35/35)","100% (34/34)","","","","","","","","","","","","","","Specifier: <b>short</b>","What's a nice short game I could play?"
"3Z3R5YC0P38DKQYIMKDQT5NU4Z3FTC","3D9187VUCM5WKLNGHPE2LEFFNJ2IUG","Write a question about a video game (type: request; attributes: 1)","Produce a casual conversational question prompting for the name of a video game based on a given specifier","dialog, video game, writing, entertainment, chat, conversation, creative","$0.06","Tue Apr 23 20:32:55 PDT 2019","2","BatchId:3618515;OriginalHitTemplateId:920937336;","3600","1296000","Fri Apr 26 20:32:55 PDT 2019","","","33CID57105FX7L8EJIFZUPK6RL03LY","A2ITJNPW1LDUN7","Approved","Wed Apr 24 20:32:21 PDT 2019","Wed Apr 24 20:36:16 PDT 2019","Thu May 09 20:36:16 PDT 2019","Sat Apr 27 21:45:03 PDT 2019","","","235","100% (35/35)","100% (35/35)","100% (34/34)","","","","","","","","","","","","","","Specifier: <b>cheerful</b>","What's a cheerful game you've played lately?"
"3Z3R5YC0P38DKQYIMKDQT5NU4Z3FTC","3D9187VUCM5WKLNGHPE2LEFFNJ2IUG","Write a question about a video game (type: request; attributes: 1)","Produce a casual conversational question prompting for the name of a video game based on a given specifier","dialog, video game, writing, entertainment, chat, conversation, creative","$0.06","Tue Apr 23 20:32:55 PDT 2019","2","BatchId:3618515;OriginalHitTemplateId:920937336;","3600","1296000","Fri Apr 26 20:32:55 PDT 2019","","","3SB5N7Y3O4QL41VGP400FZHRST10G3","A1MW021IG07IMF","Approved","Wed Apr 24 21:20:47 PDT 2019","Wed Apr 24 21:21:00 PDT 2019","Thu May 09 21:21:00 PDT 2019","Sat Apr 27 21:45:03 PDT 2019","","","13","100% (150/150)","100% (150/150)","100% (30/30)","","","","","","","","","","","","","","Specifier: <b>cheerful</b>","What's a cheerful game you played lately?"
"3UEBBGULPF9SK3D7MP30Y19WNDAFU3","3D9187VUCM5WKLNGHPE2LEFFNJ2IUG","Write a question about a video game (type: request; attributes: 1)","Produce a casual conversational question prompting for the name of a video game based on a given specifier","dialog, video game, writing, entertainment, chat, conversation, creative","$0.06","Tue Apr 23 20:32:55 PDT 2019","2","BatchId:3618515;OriginalHitTemplateId:920937336;","3600","1296000","Wed Apr 24 20:32:55 PDT 2019","","","36TFCYNS45W71NW2CM7P9DG3HS5HX4","A30L6SDLOKQJJO","Approved","Tue Apr 23 21:41:18 PDT 2019","Tue Apr 23 21:41:34 PDT 2019","Wed May 08 21:41:34 PDT 2019","Sat Apr 27 21:45:03 PDT 2019","","","16","100% (15/15)","100% (15/15)","100% (13/13)","","","","","","","","","","","","","","Specifier: <b>calming</b>","What was the most calming game you got to play this year?"
"3UEBBGULPF9SK3D7MP30Y19WNDAFU3","3D9187VUCM5WKLNGHPE2LEFFNJ2IUG","Write a question about a video game (type: request; attributes: 1)","Produce a casual conversational question prompting for the name of a video game based on a given specifier","dialog, video game, writing, entertainment, chat, conversation, creative","$0.06","Tue Apr 23 20:32:55 PDT 2019","2","BatchId:3618515;OriginalHitTemplateId:920937336;","3600","1296000","Wed Apr 24 20:32:55 PDT 2019","","","3JW0YLFXRU2A9DM1XGX38XCJNE7WWL","A1MW021IG07IMF","Approved","Tue Apr 23 21:07:38 PDT 2019","Tue Apr 23 21:08:19 PDT 2019","Wed May 08 21:08:19 PDT 2019","Sat Apr 27 21:45:03 PDT 2019","","","41","100% (150/150)","100% (150/150)","100% (30/30)","","","","","","","","","","","","","","Specifier: <b>calming</b>","Can you think of any calming video games?"
"344M16OZKI0NJZT2UD782OW23G2NE1","3D9187VUCM5WKLNGHPE2LEFFNJ2IUG","Write a question about a video game (type: request; attributes: 1)","Produce a casual conversational question prompting for the name of a video game based on a given specifier","dialog, video game, writing, entertainment, chat, conversation, creative","$0.06","Tue Apr 23 20:32:55 PDT 2019","2","BatchId:3618515;OriginalHitTemplateId:920937336;","3600","1296000","Fri Apr 26 20:32:55 PDT 2019","","","3I33IC7ZWGORQKLRIRC421Z3ROEA2B","A30L6SDLOKQJJO","Approved","Tue Apr 23 21:41:00 PDT 2019","Tue Apr 23 21:41:17 PDT 2019","Wed May 08 21:41:17 PDT 2019","Sat Apr 27 21:45:03 PDT 2019","","","17","100% (15/15)","100% (15/15)","100% (13/13)","","","","","","","","","","","","","","Specifier: <b>empowering</b>","Did you find any of this year's releases particularly empowering to play through?"
"344M16OZKI0NJZT2UD782OW23G2NE1","3D9187VUCM5WKLNGHPE2LEFFNJ2IUG","Write a question about a video game (type: request; attributes: 1)","Produce a casual conversational question prompting for the name of a video game based on a given specifier","dialog, video game, writing, entertainment, chat, conversation, creative","$0.06","Tue Apr 23 20:32:55 PDT 2019","2","BatchId:3618515;OriginalHitTemplateId:920937336;","3600","1296000","Fri Apr 26 20:32:55 PDT 2019","","","3LPW2N6LKUO34QIC6FVT09E9I8K5UK","A2ITJNPW1LDUN7","Approved","Wed Apr 24 20:32:14 PDT 2019","Wed Apr 24 20:36:07 PDT 2019","Thu May 09 20:36:07 PDT 2019","Sat Apr 27 21:45:04 PDT 2019","","","233","100% (35/35)","100% (35/35)","100% (34/34)","","","","","","","","","","","","","","Specifier: <b>empowering</b>","Have you played any games that were empowering for you?"
"3JU8CV4BRLX9YBI446NWBPVB7X9PO3","3D9187VUCM5WKLNGHPE2LEFFNJ2IUG","Write a question about a video game (type: request; attributes: 1)","Produce a casual conversational question prompting for the name of a video game based on a given specifier","dialog, video game, writing, entertainment, chat, conversation, creative","$0.06","Tue Apr 23 20:32:55 PDT 2019","2","BatchId:3618515;OriginalHitTemplateId:920937336;","3600","1296000","Fri Apr 26 20:32:55 PDT 2019","","","38JBBYETQPW4JBHQ2AXERZMSWOVE47","A2ITJNPW1LDUN7","Approved","Wed Apr 24 20:33:34 PDT 2019","Wed Apr 24 20:36:56 PDT 2019","Thu May 09 20:36:56 PDT 2019","Sat Apr 27 21:45:04 PDT 2019","","","202","100% (35/35)","100% (35/35)","100% (34/34)","","","","","","","","","","","","","","Specifier: <b>interesting</b>","Have you played any interesting games lately?"
"3JU8CV4BRLX9YBI446NWBPVB7X9PO3","3D9187VUCM5WKLNGHPE2LEFFNJ2IUG","Write a question about a video game (type: request; attributes: 1)","Produce a casual conversational question prompting for the name of a video game based on a given specifier","dialog, video game, writing, entertainment, chat, conversation, creative","$0.06","Tue Apr 23 20:32:55 PDT 2019","2","BatchId:3618515;OriginalHitTemplateId:920937336;","3600","1296000","Fri Apr 26 20:32:55 PDT 2019","","","3JWH6J9I9TZSYGFCAOAKP0M7K1QBNY","A30L6SDLOKQJJO","Approved","Tue Apr 23 21:39:41 PDT 2019","Tue Apr 23 21:40:14 PDT 2019","Wed May 08 21:40:14 PDT 2019","Sat Apr 27 21:45:04 PDT 2019","","","33","100% (15/15)","100% (15/15)","100% (13/13)","","","","","","","","","","","","","","Specifier: <b>interesting</b>","What's the most interesting game you've played this year?"
"3M0556243S5FPDTYPOREK6H2FHHNFJ","3D9187VUCM5WKLNGHPE2LEFFNJ2IUG","Write a question about a video game (type: request; attributes: 1)","Produce a casual conversational question prompting for the name of a video game based on a given specifier","dialog, video game, writing, entertainment, chat, conversation, creative","$0.06","Tue Apr 23 20:32:55 PDT 2019","2","BatchId:3618515;OriginalHitTemplateId:920937336;","3600","1296000","Fri Apr 26 20:32:55 PDT 2019","","","3F1567XTNXRUDKD7SWO52OMM1JWQ9Q","A2ITJNPW1LDUN7","Approved","Wed Apr 24 20:30:29 PDT 2019","Wed Apr 24 20:32:20 PDT 2019","Thu May 09 20:32:20 PDT 2019","Sat Apr 27 21:45:04 PDT 2019","","","111","100% (35/35)","100% (35/35)","100% (34/34)","","","","","","","","","","","","","","Specifier: <b>unfair</b>","What's a game you found unfair recently?"
"3M0556243S5FPDTYPOREK6H2FHHNFJ","3D9187VUCM5WKLNGHPE2LEFFNJ2IUG","Write a question about a video game (type: request; attributes: 1)","Produce a casual conversational question prompting for the name of a video game based on a given specifier","dialog, video game, writing, entertainment, chat, conversation, creative","$0.06","Tue Apr 23 20:32:55 PDT 2019","2","BatchId:3618515;OriginalHitTemplateId:920937336;","3600","1296000","Fri Apr 26 20:32:55 PDT 2019","","","3QUO65DNQVAPC0OUBURS9FE0ZWYOU3","A1MW021IG07IMF","Approved","Tue Apr 23 21:14:15 PDT 2019","Tue Apr 23 21:15:22 PDT 2019","Wed May 08 21:15:22 PDT 2019","Sat Apr 27 21:45:04 PDT 2019","","","67","100% (150/150)","100% (150/150)","100% (30/30)","","","","","","","","","","","","","","Specifier: <b>unfair</b>","I was thinking how some games are just unfair, what game would first come to mind for you regarding that?"
"3K3IX1W4S6CKW7O3UNIEAUB6IG5APP","3D9187VUCM5WKLNGHPE2LEFFNJ2IUG","Write a question about a video game (type: request; attributes: 1)","Produce a casual conversational question prompting for the name of a video game based on a given specifier","dialog, video game, writing, entertainment, chat, conversation, creative","$0.06","Tue Apr 23 20:32:55 PDT 2019","2","BatchId:3618515;OriginalHitTemplateId:920937336;","3600","1296000","Fri Apr 26 20:32:55 PDT 2019","","","36NEMU28XGZE41SNTERGZZASPKSWM9","A1MW021IG07IMF","Approved","Wed Apr 24 21:21:42 PDT 2019","Wed Apr 24 21:22:07 PDT 2019","Thu May 09 21:22:07 PDT 2019","Sat Apr 27 21:45:04 PDT 2019","","","25","100% (150/150)","100% (150/150)","100% (30/30)","","","","","","","","","","","","","","Specifier: <b>poorly balanced</b>","What do you think is the most poorly balanced game you've ever played?"
"3K3IX1W4S6CKW7O3UNIEAUB6IG5APP","3D9187VUCM5WKLNGHPE2LEFFNJ2IUG","Write a question about a video game (type: request; attributes: 1)","Produce a casual conversational question prompting for the name of a video game based on a given specifier","dialog, video game, writing, entertainment, chat, conversation, creative","$0.06","Tue Apr 23 20:32:55 PDT 2019","2","BatchId:3618515;OriginalHitTemplateId:920937336;","3600","1296000","Fri Apr 26 20:32:55 PDT 2019","","","3U8YCDAGXQ2CHQPUS05C9DLTYF2Q0E","A2ITJNPW1LDUN7","Approved","Wed Apr 24 20:30:01 PDT 2019","Wed Apr 24 20:31:18 PDT 2019","Thu May 09 20:31:18 PDT 2019","Sat Apr 27 21:45:04 PDT 2019","","","77","100% (35/35)","100% (35/35)","100% (34/34)","","","","","","","","","","","","","","Specifier: <b>poorly balanced</b>","Do you know any poorly balanced games?"
"3B0MCRZMBRFRJBU5J60B0P01H25PPK","3D9187VUCM5WKLNGHPE2LEFFNJ2IUG","Write a question about a video game (type: request; attributes: 1)","Produce a casual conversational question prompting for the name of a video game based on a given specifier","dialog, video game, writing, entertainment, chat, conversation, creative","$0.06","Tue Apr 23 20:32:55 PDT 2019","2","BatchId:3618515;OriginalHitTemplateId:920937336;","3600","1296000","Fri Apr 26 20:32:55 PDT 2019","","","30OG32W0SVXQ5JRWKFCAQ8SSNY3NEA","A30L6SDLOKQJJO","Approved","Tue Apr 23 21:43:08 PDT 2019","Tue Apr 23 21:43:27 PDT 2019","Wed May 08 21:43:27 PDT 2019","Sat Apr 27 21:45:05 PDT 2019","","","19","100% (15/15)","100% (15/15)","100% (13/13)","","","","","","","","","","","","","","Specifier: <b>boring</b>","Did you find any releases this year to be overly boring?"
"3B0MCRZMBRFRJBU5J60B0P01H25PPK","3D9187VUCM5WKLNGHPE2LEFFNJ2IUG","Write a question about a video game (type: request; attributes: 1)","Produce a casual conversational question prompting for the name of a video game based on a given specifier","dialog, video game, writing, entertainment, chat, conversation, creative","$0.06","Tue Apr 23 20:32:55 PDT 2019","2","BatchId:3618515;OriginalHitTemplateId:920937336;","3600","1296000","Fri Apr 26 20:32:55 PDT 2019","","","37Z929RLGAUPAF1YI6IROO2ZDEKSTH","A2ITJNPW1LDUN7","Approved","Wed Apr 24 20:30:24 PDT 2019","Wed Apr 24 20:31:44 PDT 2019","Thu May 09 20:31:44 PDT 2019","Sat Apr 27 21:45:05 PDT 2019","","","80","100% (35/35)","100% (35/35)","100% (34/34)","","","","","","","","","","","","","","Specifier: <b>boring</b>","What's a game you found really boring?"
"3MA5N0ATTCWGSTUQI09YW2MYGP2KW9","3D9187VUCM5WKLNGHPE2LEFFNJ2IUG","Write a question about a video game (type: request; attributes: 1)","Produce a casual conversational question prompting for the name of a video game based on a given specifier","dialog, video game, writing, entertainment, chat, conversation, creative","$0.06","Tue Apr 23 20:32:55 PDT 2019","2","BatchId:3618515;OriginalHitTemplateId:920937336;","3600","1296000","Fri Apr 26 20:32:55 PDT 2019","","","3VW6495TLKMINNC1RIXFERIF925YYZ","A1MW021IG07IMF","Approved","Wed Apr 24 21:19:10 PDT 2019","Wed Apr 24 21:19:28 PDT 2019","Thu May 09 21:19:28 PDT 2019","Sat Apr 27 21:45:05 PDT 2019","","","18","100% (150/150)","100% (150/150)","100% (30/30)","","","","","","","","","","","","","","Specifier: <b>absorbing</b>","Do you know of any games that you felt were absorbing?"
"3MA5N0ATTCWGSTUQI09YW2MYGP2KW9","3D9187VUCM5WKLNGHPE2LEFFNJ2IUG","Write a question about a video game (type: request; attributes: 1)","Produce a casual conversational question prompting for the name of a video game based on a given specifier","dialog, video game, writing, entertainment, chat, conversation, creative","$0.06","Tue Apr 23 20:32:55 PDT 2019","2","BatchId:3618515;OriginalHitTemplateId:920937336;","3600","1296000","Fri Apr 26 20:32:55 PDT 2019","","","3VZLGYJEYMWTS8WWI8DW9KK8DP8XZA","A2ITJNPW1LDUN7","Approved","Wed Apr 24 20:31:26 PDT 2019","Wed Apr 24 20:35:19 PDT 2019","Thu May 09 20:35:19 PDT 2019","Sat Apr 27 21:45:05 PDT 2019","","","233","100% (35/35)","100% (35/35)","100% (34/34)","","","","","","","","","","","","","","Specifier: <b>absorbing</b>","What game have you found particularly absorbing lately?"
"3HEM8MA6H9XCJNVKJJF00UQBMYRPQB","3D9187VUCM5WKLNGHPE2LEFFNJ2IUG","Write a question about a video game (type: request; attributes: 1)","Produce a casual conversational question prompting for the name of a video game based on a given specifier","dialog, video game, writing, entertainment, chat, conversation, creative","$0.06","Tue Apr 23 20:32:55 PDT 2019","2","BatchId:3618515;OriginalHitTemplateId:920937336;","3600","1296000","Wed Apr 24 20:32:55 PDT 2019","","","31LM9EDVOMEYGZDOYGN1NO5KS6VNJR","A1MW021IG07IMF","Approved","Tue Apr 23 21:15:52 PDT 2019","Tue Apr 23 21:16:12 PDT 2019","Wed May 08 21:16:12 PDT 2019","Sat Apr 27 21:45:05 PDT 2019","","","20","100% (150/150)","100% (150/150)","100% (30/30)","","","","","","","","","","","","","","Specifier: <b>newest</b>","What's the newest game that you've played lately?"
"3HEM8MA6H9XCJNVKJJF00UQBMYRPQB","3D9187VUCM5WKLNGHPE2LEFFNJ2IUG","Write a question about a video game (type: request; attributes: 1)","Produce a casual conversational question prompting for the name of a video game based on a given specifier","dialog, video game, writing, entertainment, chat, conversation, creative","$0.06","Tue Apr 23 20:32:55 PDT 2019","2","BatchId:3618515;OriginalHitTemplateId:920937336;","3600","1296000","Wed Apr 24 20:32:55 PDT 2019","","","3DOCMVPBTO0UZP49DEFTGVM11Q4NNZ","A30L6SDLOKQJJO","Approved","Tue Apr 23 21:43:27 PDT 2019","Tue Apr 23 21:43:42 PDT 2019","Wed May 08 21:43:42 PDT 2019","Sat Apr 27 21:45:05 PDT 2019","","","15","100% (15/15)","100% (15/15)","100% (13/13)","","","","","","","","","","","","","","Specifier: <b>newest</b>","What's the newest game you plan on purchasing soon?"
"3BJKPTD2QCXANG3RDFDKAU1D7NERTJ","3D9187VUCM5WKLNGHPE2LEFFNJ2IUG","Write a question about a video game (type: request; attributes: 1)","Produce a casual conversational question prompting for the name of a video game based on a given specifier","dialog, video game, writing, entertainment, chat, conversation, creative","$0.06","Tue Apr 23 20:32:55 PDT 2019","2","BatchId:3618515;OriginalHitTemplateId:920937336;","3600","1296000","Fri Apr 26 20:32:55 PDT 2019","","","33CID57105FX7L8EJIFZUPK6RE8L3A","A1MW021IG07IMF","Approved","Tue Apr 23 21:09:02 PDT 2019","Tue Apr 23 21:09:19 PDT 2019","Wed May 08 21:09:19 PDT 2019","Sat Apr 27 21:45:05 PDT 2019","","","17","100% (150/150)","100% (150/150)","100% (30/30)","","","","","","","","","","","","","","Specifier: <b>oldest</b>","What's the oldest video game you ever played?"
"3BJKPTD2QCXANG3RDFDKAU1D7NERTJ","3D9187VUCM5WKLNGHPE2LEFFNJ2IUG","Write a question about a video game (type: request; attributes: 1)","Produce a casual conversational question prompting for the name of a video game based on a given specifier","dialog, video game, writing, entertainment, chat, conversation, creative","$0.06","Tue Apr 23 20:32:55 PDT 2019","2","BatchId:3618515;OriginalHitTemplateId:920937336;","3600","1296000","Fri Apr 26 20:32:55 PDT 2019","","","37UQDCYH6YHI49LVZYKVUFUONLNV7D","A2ITJNPW1LDUN7","Approved","Wed Apr 24 20:30:27 PDT 2019","Wed Apr 24 20:32:07 PDT 2019","Thu May 09 20:32:07 PDT 2019","Sat Apr 27 21:45:05 PDT 2019","","","100","100% (35/35)","100% (35/35)","100% (34/34)","","","","","","","","","","","","","","Specifier: <b>oldest</b>","What's the oldest game you like?"
"3QHITW7OYOU5WJPIU0X3AZ1GNCRAQG","3D9187VUCM5WKLNGHPE2LEFFNJ2IUG","Write a question about a video game (type: request; attributes: 1)","Produce a casual conversational question prompting for the name of a video game based on a given specifier","dialog, video game, writing, entertainment, chat, conversation, creative","$0.06","Tue Apr 23 20:32:55 PDT 2019","2","BatchId:3618515;OriginalHitTemplateId:920937336;","3600","1296000","Fri Apr 26 20:32:55 PDT 2019","","","3UXUOQ9OKFJYCLIXO3TZYSGB2CUA71","A1MW021IG07IMF","Approved","Wed Apr 24 21:19:43 PDT 2019","Wed Apr 24 21:20:02 PDT 2019","Thu May 09 21:20:02 PDT 2019","Sat Apr 27 21:45:06 PDT 2019","","","19","100% (150/150)","100% (150/150)","100% (30/30)","","","","","","","","","","","","","","Specifier: <b>thrilling</b>","Is there a game you played lately that you found thrilling?"
"3QHITW7OYOU5WJPIU0X3AZ1GNCRAQG","3D9187VUCM5WKLNGHPE2LEFFNJ2IUG","Write a question about a video game (type: request; attributes: 1)","Produce a casual conversational question prompting for the name of a video game based on a given specifier","dialog, video game, writing, entertainment, chat, conversation, creative","$0.06","Tue Apr 23 20:32:55 PDT 2019","2","BatchId:3618515;OriginalHitTemplateId:920937336;","3600","1296000","Fri Apr 26 20:32:55 PDT 2019","","","3YMTUJH0DT268UZNS5M9QLMTZYHT4B","A2ITJNPW1LDUN7","Approved","Wed Apr 24 20:30:58 PDT 2019","Wed Apr 24 20:34:53 PDT 2019","Thu May 09 20:34:53 PDT 2019","Sat Apr 27 21:45:06 PDT 2019","","","235","100% (35/35)","100% (35/35)","100% (34/34)","","","","","","","","","","","","","","Specifier: <b>thrilling</b>","Are there any games you find really thrilling?"
"3VEI3XUCZRICVOAKWY405K0GIKTPRC","3D9187VUCM5WKLNGHPE2LEFFNJ2IUG","Write a question about a video game (type: request; attributes: 1)","Produce a casual conversational question prompting for the name of a video game based on a given specifier","dialog, video game, writing, entertainment, chat, conversation, creative","$0.06","Tue Apr 23 20:32:55 PDT 2019","2","BatchId:3618515;OriginalHitTemplateId:920937336;","3600","1296000","Fri Apr 26 20:32:55 PDT 2019","","","3EJJQNKU9SRN4RAQ3N1XKVUFGJDRHR","A1MW021IG07IMF","Approved","Wed Apr 24 21:19:29 PDT 2019","Wed Apr 24 21:19:42 PDT 2019","Thu May 09 21:19:42 PDT 2019","Sat Apr 27 21:45:06 PDT 2019","","","13","100% (150/150)","100% (150/150)","100% (30/30)","","","","","","","","","","","","","","Specifier: <b>weirdest</b>","What's the weirdest game you ever heard of?"
"3VEI3XUCZRICVOAKWY405K0GIKTPRC","3D9187VUCM5WKLNGHPE2LEFFNJ2IUG","Write a question about a video game (type: request; attributes: 1)","Produce a casual conversational question prompting for the name of a video game based on a given specifier","dialog, video game, writing, entertainment, chat, conversation, creative","$0.06","Tue Apr 23 20:32:55 PDT 2019","2","BatchId:3618515;OriginalHitTemplateId:920937336;","3600","1296000","Fri Apr 26 20:32:55 PDT 2019","","","3QAPZX2QN5ZVP7N9QPFBDVNQI9P02B","A2ITJNPW1LDUN7","Approved","Wed Apr 24 20:30:32 PDT 2019","Wed Apr 24 20:33:21 PDT 2019","Thu May 09 20:33:21 PDT 2019","Sat Apr 27 21:45:06 PDT 2019","","","169","100% (35/35)","100% (35/35)","100% (34/34)","","","","","","","","","","","","","","Specifier: <b>weirdest</b>","What's the weirdest game youve played?"
"3VADEH0UHCIOW3AXBN45VU5C4MCPS0","3D9187VUCM5WKLNGHPE2LEFFNJ2IUG","Write a question about a video game (type: request; attributes: 1)","Produce a casual conversational question prompting for the name of a video game based on a given specifier","dialog, video game, writing, entertainment, chat, conversation, creative","$0.06","Tue Apr 23 20:32:56 PDT 2019","2","BatchId:3618515;OriginalHitTemplateId:920937336;","3600","1296000","Fri Apr 26 20:32:56 PDT 2019","","","39PAAFCODNM527I2C1NWZBM6CBNTVI","A1MW021IG07IMF","Approved","Tue Apr 23 21:06:49 PDT 2019","Tue Apr 23 21:07:37 PDT 2019","Wed May 08 21:07:37 PDT 2019","Sat Apr 27 21:45:06 PDT 2019","","","48","100% (150/150)","100% (150/150)","100% (30/30)","","","","","","","","","","","","","","Specifier: <b>unusual</b>","I've been thinking about unusual games today, have you played one lately?"
"3VADEH0UHCIOW3AXBN45VU5C4MCPS0","3D9187VUCM5WKLNGHPE2LEFFNJ2IUG","Write a question about a video game (type: request; attributes: 1)","Produce a casual conversational question prompting for the name of a video game based on a given specifier","dialog, video game, writing, entertainment, chat, conversation, creative","$0.06","Tue Apr 23 20:32:56 PDT 2019","2","BatchId:3618515;OriginalHitTemplateId:920937336;","3600","1296000","Fri Apr 26 20:32:56 PDT 2019","","","3RXCAC0YISB3MQ0JK8DF8EN9BQ5G8W","A2ITJNPW1LDUN7","Approved","Wed Apr 24 20:30:02 PDT 2019","Wed Apr 24 20:31:25 PDT 2019","Thu May 09 20:31:25 PDT 2019","Sat Apr 27 21:45:06 PDT 2019","","","83","100% (35/35)","100% (35/35)","100% (34/34)","","","","","","","","","","","","","","Specifier: <b>unusual</b>","Are there any unusual games you like?"
"3D1UCPY6GGUZ6UQ1ZR1T102ANWD837","3D9187VUCM5WKLNGHPE2LEFFNJ2IUG","Write a question about a video game (type: request; attributes: 1)","Produce a casual conversational question prompting for the name of a video game based on a given specifier","dialog, video game, writing, entertainment, chat, conversation, creative","$0.06","Tue Apr 23 20:32:56 PDT 2019","2","BatchId:3618515;OriginalHitTemplateId:920937336;","3600","1296000","Fri Apr 26 20:32:56 PDT 2019","","","33IZTU6J82NWRWAINGJODRN5QA8SX0","A2ITJNPW1LDUN7","Approved","Wed Apr 24 20:30:39 PDT 2019","Wed Apr 24 20:34:14 PDT 2019","Thu May 09 20:34:14 PDT 2019","Sat Apr 27 21:45:06 PDT 2019","","","215","100% (35/35)","100% (35/35)","100% (34/34)","","","","","","","","","","","","","","Specifier: <b>beautiful</b>","Have you played any beautiful games recently? Could you recommend me one?"
"3D1UCPY6GGUZ6UQ1ZR1T102ANWD837","3D9187VUCM5WKLNGHPE2LEFFNJ2IUG","Write a question about a video game (type: request; attributes: 1)","Produce a casual conversational question prompting for the name of a video game based on a given specifier","dialog, video game, writing, entertainment, chat, conversation, creative","$0.06","Tue Apr 23 20:32:56 PDT 2019","2","BatchId:3618515;OriginalHitTemplateId:920937336;","3600","1296000","Fri Apr 26 20:32:56 PDT 2019","","","3I0BTBYZAY7LQSGGJAM6MZOVXHSY0K","A1MW021IG07IMF","Approved","Tue Apr 23 21:09:44 PDT 2019","Tue Apr 23 21:10:30 PDT 2019","Wed May 08 21:10:30 PDT 2019","Sat Apr 27 21:45:06 PDT 2019","","","46","100% (150/150)","100% (150/150)","100% (30/30)","","","","","","","","","","","","","","Specifier: <b>beautiful</b>","I've been thinking about pretty games lately, have you played any recently that you would describe as beautiful?"
"3L55D8AUFAI2Y0D25OAOTGU6MOTCYN","3D9187VUCM5WKLNGHPE2LEFFNJ2IUG","Write a question about a video game (type: request; attributes: 1)","Produce a casual conversational question prompting for the name of a video game based on a given specifier","dialog, video game, writing, entertainment, chat, conversation, creative","$0.06","Tue Apr 23 20:32:56 PDT 2019","2","BatchId:3618515;OriginalHitTemplateId:920937336;","3600","1296000","Wed Apr 24 20:32:56 PDT 2019","","","35H6S234SBMI2FSBAXXQK30TFFG65J","A30L6SDLOKQJJO","Approved","Tue Apr 23 21:45:11 PDT 2019","Tue Apr 23 21:45:46 PDT 2019","Wed May 08 21:45:46 PDT 2019","Sat Apr 27 21:45:06 PDT 2019","","","35","100% (15/15)","100% (15/15)","100% (13/13)","","","","","","","","","","","","","","Specifier: <b>exceptional</b>","What was the most exceptional game you played in the last month?"
"3L55D8AUFAI2Y0D25OAOTGU6MOTCYN","3D9187VUCM5WKLNGHPE2LEFFNJ2IUG","Write a question about a video game (type: request; attributes: 1)","Produce a casual conversational question prompting for the name of a video game based on a given specifier","dialog, video game, writing, entertainment, chat, conversation, creative","$0.06","Tue Apr 23 20:32:56 PDT 2019","2","BatchId:3618515;OriginalHitTemplateId:920937336;","3600","1296000","Wed Apr 24 20:32:56 PDT 2019","","","37TRT2X24RDWFQORVQISWT5QBHHJBY","A1MW021IG07IMF","Approved","Tue Apr 23 21:13:26 PDT 2019","Tue Apr 23 21:14:14 PDT 2019","Wed May 08 21:14:14 PDT 2019","Sat Apr 27 21:45:07 PDT 2019","","","48","100% (150/150)","100% (150/150)","100% (30/30)","","","","","","","","","","","","","","Specifier: <b>exceptional</b>","Have you played anything lately that you felt was an exceptional video game?"
"3R5OYNIC2CUPB3NC0N9V5Z1Y65QPTP","3D9187VUCM5WKLNGHPE2LEFFNJ2IUG","Write a question about a video game (type: request; attributes: 1)","Produce a casual conversational question prompting for the name of a video game based on a given specifier","dialog, video game, writing, entertainment, chat, conversation, creative","$0.06","Tue Apr 23 20:32:56 PDT 2019","2","BatchId:3618515;OriginalHitTemplateId:920937336;","3600","1296000","Fri Apr 26 20:32:56 PDT 2019","","","3G2UL9A02E0XPJ6UYQCNINEP6LA76Y","A30L6SDLOKQJJO","Approved","Tue Apr 23 21:40:20 PDT 2019","Tue Apr 23 21:40:41 PDT 2019","Wed May 08 21:40:41 PDT 2019","Sat Apr 27 21:45:07 PDT 2019","","","21","100% (15/15)","100% (15/15)","100% (13/13)","","","","","","","","","","","","","","Specifier: <b>cheap</b>","Have you played any cheap games that you enjoyed?"
"3R5OYNIC2CUPB3NC0N9V5Z1Y65QPTP","3D9187VUCM5WKLNGHPE2LEFFNJ2IUG","Write a question about a video game (type: request; attributes: 1)","Produce a casual conversational question prompting for the name of a video game based on a given specifier","dialog, video game, writing, entertainment, chat, conversation, creative","$0.06","Tue Apr 23 20:32:56 PDT 2019","2","BatchId:3618515;OriginalHitTemplateId:920937336;","3600","1296000","Fri Apr 26 20:32:56 PDT 2019","","","3K5TEWLKGWXFTT2RIPOSL4KX11YIVV","A2ITJNPW1LDUN7","Approved","Wed Apr 24 20:30:40 PDT 2019","Wed Apr 24 20:34:22 PDT 2019","Thu May 09 20:34:22 PDT 2019","Sat Apr 27 21:45:07 PDT 2019","","","222","100% (35/35)","100% (35/35)","100% (34/34)","","","","","","","","","","","","","","Specifier: <b>cheap</b>","What's a really cheap game I would like?"
"32TMVRKDGNJKOQ95Z56CB5UG1W984S","3D9187VUCM5WKLNGHPE2LEFFNJ2IUG","Write a question about a video game (type: request; attributes: 1)","Produce a casual conversational question prompting for the name of a video game based on a given specifier","dialog, video game, writing, entertainment, chat, conversation, creative","$0.06","Tue Apr 23 20:32:56 PDT 2019","2","BatchId:3618515;OriginalHitTemplateId:920937336;","3600","1296000","Fri Apr 26 20:32:56 PDT 2019","","","36TFCYNS45W71NW2CM7P9DG3H0ZXHU","A1MW021IG07IMF","Submitted","Wed Apr 24 21:22:07 PDT 2019","Wed Apr 24 21:22:36 PDT 2019","Thu May 09 21:22:36 PDT 2019","","","","29","100% (150/150)","100% (150/150)","100% (30/30)","","","","","","","","","","","","","","Specifier: <b>uninteresting</b>","What's a recent game that you just felt was uninteresting?"
"32TMVRKDGNJKOQ95Z56CB5UG1W984S","3D9187VUCM5WKLNGHPE2LEFFNJ2IUG","Write a question about a video game (type: request; attributes: 1)","Produce a casual conversational question prompting for the name of a video game based on a given specifier","dialog, video game, writing, entertainment, chat, conversation, creative","$0.06","Tue Apr 23 20:32:56 PDT 2019","2","BatchId:3618515;OriginalHitTemplateId:920937336;","3600","1296000","Fri Apr 26 20:32:56 PDT 2019","","","3A7Y0R2P2PA3STRS0MAALQWIURVXJP","A2ITJNPW1LDUN7","Submitted","Wed Apr 24 20:30:41 PDT 2019","Wed Apr 24 20:34:31 PDT 2019","Thu May 09 20:34:31 PDT 2019","","","","230","100% (35/35)","100% (35/35)","100% (34/34)","","","","","","","","","","","","","","Specifier: <b>uninteresting</b>","Have you played any uninteresting games?"
"35YHTYFL1GOSXI27RFD5UNBF1KJFVS","3D9187VUCM5WKLNGHPE2LEFFNJ2IUG","Write a question about a video game (type: request; attributes: 1)","Produce a casual conversational question prompting for the name of a video game based on a given specifier","dialog, video game, writing, entertainment, chat, conversation, creative","$0.06","Tue Apr 23 20:32:56 PDT 2019","2","BatchId:3618515;OriginalHitTemplateId:920937336;","3600","1296000","Fri Apr 26 20:32:56 PDT 2019","","","31IBVUNM9TLVJ201HHI7I775L2FVFC","A1MW021IG07IMF","Submitted","Tue Apr 23 21:10:30 PDT 2019","Tue Apr 23 21:12:39 PDT 2019","Wed May 08 21:12:39 PDT 2019","","","","129","100% (150/150)","100% (150/150)","100% (30/30)","","","","","","","","","","","","","","Specifier: <b>nostalgic</b>","What game would be a nostalgic one for you?"
"35YHTYFL1GOSXI27RFD5UNBF1KJFVS","3D9187VUCM5WKLNGHPE2LEFFNJ2IUG","Write a question about a video game (type: request; attributes: 1)","Produce a casual conversational question prompting for the name of a video game based on a given specifier","dialog, video game, writing, entertainment, chat, conversation, creative","$0.06","Tue Apr 23 20:32:56 PDT 2019","2","BatchId:3618515;OriginalHitTemplateId:920937336;","3600","1296000","Fri Apr 26 20:32:56 PDT 2019","","","3NQL1CS15SU1JTHWM7AV7SELRKWVYE","A2ITJNPW1LDUN7","Submitted","Wed Apr 24 20:31:51 PDT 2019","Wed Apr 24 20:35:36 PDT 2019","Thu May 09 20:35:36 PDT 2019","","","","225","100% (35/35)","100% (35/35)","100% (34/34)","","","","","","","","","","","","","","Specifier: <b>nostalgic</b>","What game makes you feel nostalgiac?"
"3BO3NEOQM02SFL1ZHSSU1XAUW2AIAL","3D9187VUCM5WKLNGHPE2LEFFNJ2IUG","Write a question about a video game (type: request; attributes: 1)","Produce a casual conversational question prompting for the name of a video game based on a given specifier","dialog, video game, writing, entertainment, chat, conversation, creative","$0.06","Tue Apr 23 20:32:56 PDT 2019","2","BatchId:3618515;OriginalHitTemplateId:920937336;","3600","1296000","Fri Apr 26 20:32:56 PDT 2019","","","3GS6S824SRJKMJDN5F6GCEZSU28NWQ","A30L6SDLOKQJJO","Submitted","Tue Apr 23 21:43:42 PDT 2019","Tue Apr 23 21:44:03 PDT 2019","Wed May 08 21:44:03 PDT 2019","","","","21","100% (15/15)","100% (15/15)","100% (13/13)","","","","","","","","","","","","","","Specifier: <b>overrated</b>","I thought there were way too many overrated games released this year, what do you think?"
"3BO3NEOQM02SFL1ZHSSU1XAUW2AIAL","3D9187VUCM5WKLNGHPE2LEFFNJ2IUG","Write a question about a video game (type: request; attributes: 1)","Produce a casual conversational question prompting for the name of a video game based on a given specifier","dialog, video game, writing, entertainment, chat, conversation, creative","$0.06","Tue Apr 23 20:32:56 PDT 2019","2","BatchId:3618515;OriginalHitTemplateId:920937336;","3600","1296000","Fri Apr 26 20:32:56 PDT 2019","","","3TVRFO09GL19NJFS37MN159AYG0XLR","A2ITJNPW1LDUN7","Submitted","Wed Apr 24 20:30:43 PDT 2019","Wed Apr 24 20:34:46 PDT 2019","Thu May 09 20:34:46 PDT 2019","","","","243","100% (35/35)","100% (35/35)","100% (34/34)","","","","","","","","","","","","","","Specifier: <b>overrated</b>","What game do you think is overrated?"
"3P4ZBJFX2VO5C72CHPI1GPUT8TLFW2","3D9187VUCM5WKLNGHPE2LEFFNJ2IUG","Write a question about a video game (type: request; attributes: 1)","Produce a casual conversational question prompting for the name of a video game based on a given specifier","dialog, video game, writing, entertainment, chat, conversation, creative","$0.06","Tue Apr 23 20:32:56 PDT 2019","2","BatchId:3618515;OriginalHitTemplateId:920937336;","3600","1296000","Fri Apr 26 20:32:56 PDT 2019","","","3FTYUGLFSV7HNO7QKK54Q9ALW8P5DA","A2ITJNPW1LDUN7","Submitted","Wed Apr 24 20:31:37 PDT 2019","Wed Apr 24 20:35:27 PDT 2019","Thu May 09 20:35:27 PDT 2019","","","","230","100% (35/35)","100% (35/35)","100% (34/34)","","","","","","","","","","","","","","Specifier: <b>sad</b>","What's a really sad game you played?"
"3P4ZBJFX2VO5C72CHPI1GPUT8TLFW2","3D9187VUCM5WKLNGHPE2LEFFNJ2IUG","Write a question about a video game (type: request; attributes: 1)","Produce a casual conversational question prompting for the name of a video game based on a given specifier","dialog, video game, writing, entertainment, chat, conversation, creative","$0.06","Tue Apr 23 20:32:56 PDT 2019","2","BatchId:3618515;OriginalHitTemplateId:920937336;","3600","1296000","Fri Apr 26 20:32:56 PDT 2019","","","3WLEIWSYHP3607T5OXMWJNM74JZH2O","A1MW021IG07IMF","Submitted","Tue Apr 23 21:05:53 PDT 2019","Tue Apr 23 21:06:44 PDT 2019","Wed May 08 21:06:44 PDT 2019","","","","51","100% (150/150)","100% (150/150)","100% (30/30)","","","","","","","","","","","","","","Specifier: <b>sad</b>","Is there any game you played lately that you thought was pretty sad?"
"34HEO7RUG6F58K4I7FM3FPBLJYTARH","3D9187VUCM5WKLNGHPE2LEFFNJ2IUG","Write a question about a video game (type: request; attributes: 1)","Produce a casual conversational question prompting for the name of a video game based on a given specifier","dialog, video game, writing, entertainment, chat, conversation, creative","$0.06","Tue Apr 23 20:32:56 PDT 2019","2","BatchId:3618515;OriginalHitTemplateId:920937336;","3600","1296000","Fri Apr 26 20:32:56 PDT 2019","","","3G0WWMR1UW6F2MH1T67AKPH668DNQM","A2ITJNPW1LDUN7","Submitted","Wed Apr 24 20:30:30 PDT 2019","Wed Apr 24 20:32:25 PDT 2019","Thu May 09 20:32:25 PDT 2019","","","","115","100% (35/35)","100% (35/35)","100% (34/34)","","","","","","","","","","","","","","Specifier: <b>underrated</b>","What's a nice underrated game?"
"34HEO7RUG6F58K4I7FM3FPBLJYTARH","3D9187VUCM5WKLNGHPE2LEFFNJ2IUG","Write a question about a video game (type: request; attributes: 1)","Produce a casual conversational question prompting for the name of a video game based on a given specifier","dialog, video game, writing, entertainment, chat, conversation, creative","$0.06","Tue Apr 23 20:32:56 PDT 2019","2","BatchId:3618515;OriginalHitTemplateId:920937336;","3600","1296000","Fri Apr 26 20:32:56 PDT 2019","","","3UXUOQ9OKFJYCLIXO3TZYSGB2407AO","A30L6SDLOKQJJO","Submitted","Tue Apr 23 21:40:45 PDT 2019","Tue Apr 23 21:41:00 PDT 2019","Wed May 08 21:41:00 PDT 2019","","","","15","100% (15/15)","100% (15/15)","100% (13/13)","","","","","","","","","","","","","","Specifier: <b>underrated</b>","In your opinion, what was the most underrated game released this year?"
"36U4VBVNQOYPNTIGDK3UFQNFQ1LRUA","3D9187VUCM5WKLNGHPE2LEFFNJ2IUG","Write a question about a video game (type: request; attributes: 1)","Produce a casual conversational question prompting for the name of a video game based on a given specifier","dialog, video game, writing, entertainment, chat, conversation, creative","$0.06","Tue Apr 23 20:32:56 PDT 2019","2","BatchId:3618515;OriginalHitTemplateId:920937336;","3600","1296000","Fri Apr 26 20:32:56 PDT 2019","","","33PPO7FECW1TZC25R4OYFIEQ1UUDIR","A2ITJNPW1LDUN7","Submitted","Wed Apr 24 20:30:36 PDT 2019","Wed Apr 24 20:33:52 PDT 2019","Thu May 09 20:33:52 PDT 2019","","","","196","100% (35/35)","100% (35/35)","100% (34/34)","","","","","","","","","","","","","","Specifier: <b>challenging</b>","I really like a good challenge, do you know any challenging games?"
"36U4VBVNQOYPNTIGDK3UFQNFQ1LRUA","3D9187VUCM5WKLNGHPE2LEFFNJ2IUG","Write a question about a video game (type: request; attributes: 1)","Produce a casual conversational question prompting for the name of a video game based on a given specifier","dialog, video game, writing, entertainment, chat, conversation, creative","$0.06","Tue Apr 23 20:32:56 PDT 2019","2","BatchId:3618515;OriginalHitTemplateId:920937336;","3600","1296000","Fri Apr 26 20:32:56 PDT 2019","","","3QRYMNZ7FZ3SU29TAA15PUSTQGJTNF","A1MW021IG07IMF","Submitted","Wed Apr 24 21:18:52 PDT 2019","Wed Apr 24 21:19:10 PDT 2019","Thu May 09 21:19:10 PDT 2019","","","","18","100% (150/150)","100% (150/150)","100% (30/30)","","","","","","","","","","","","","","Specifier: <b>challenging</b>","I'm looking for a challenging game to play, have you played any lately?"
"3UL5XDRDNC42K9D5DAPMGX0U1S485X","3D9187VUCM5WKLNGHPE2LEFFNJ2IUG","Write a question about a video game (type: request; attributes: 1)","Produce a casual conversational question prompting for the name of a video game based on a given specifier","dialog, video game, writing, entertainment, chat, conversation, creative","$0.06","Tue Apr 23 20:32:56 PDT 2019","2","BatchId:3618515;OriginalHitTemplateId:920937336;","3600","1296000","Fri Apr 26 20:32:56 PDT 2019","","","3AUQQEL7U6F4MYLBEZZMF0K1F7HV0D","A2ITJNPW1LDUN7","Submitted","Wed Apr 24 20:30:21 PDT 2019","Wed Apr 24 20:31:36 PDT 2019","Thu May 09 20:31:36 PDT 2019","","","","75","100% (35/35)","100% (35/35)","100% (34/34)","","","","","","","","","","","","","","Specifier: <b>revolting</b>","What's a game that you found revolting?"
"3UL5XDRDNC42K9D5DAPMGX0U1S485X","3D9187VUCM5WKLNGHPE2LEFFNJ2IUG","Write a question about a video game (type: request; attributes: 1)","Produce a casual conversational question prompting for the name of a video game based on a given specifier","dialog, video game, writing, entertainment, chat, conversation, creative","$0.06","Tue Apr 23 20:32:56 PDT 2019","2","BatchId:3618515;OriginalHitTemplateId:920937336;","3600","1296000","Fri Apr 26 20:32:56 PDT 2019","","","3WJ1OXY92B22CZNGY8L5CSC6DWZ8AL","A1MW021IG07IMF","Submitted","Wed Apr 24 21:16:32 PDT 2019","Wed Apr 24 21:16:49 PDT 2019","Thu May 09 21:16:49 PDT 2019","","","","17","100% (150/150)","100% (150/150)","100% (30/30)","","","","","","","","","","","","","","Specifier: <b>revolting</b>","Have you ever played a game that you felt was revolting?"
"3IJ95K7NDXXL3DPT08XW2RHEGWHNGI","3D9187VUCM5WKLNGHPE2LEFFNJ2IUG","Write a question about a video game (type: request; attributes: 1)","Produce a casual conversational question prompting for the name of a video game based on a given specifier","dialog, video game, writing, entertainment, chat, conversation, creative","$0.06","Tue Apr 23 20:32:56 PDT 2019","2","BatchId:3618515;OriginalHitTemplateId:920937336;","3600","1296000","Fri Apr 26 20:32:56 PDT 2019","","","3EICBYG645IFPVGX9QEN7DB8TAEJCI","A1MW021IG07IMF","Submitted","Wed Apr 24 21:17:17 PDT 2019","Wed Apr 24 21:17:35 PDT 2019","Thu May 09 21:17:35 PDT 2019","","","","18","100% (150/150)","100% (150/150)","100% (30/30)","","","","","","","","","","","","","","Specifier: <b>dynamic</b>","Was there ever a game you played that you felt was dynamic?"
"3IJ95K7NDXXL3DPT08XW2RHEGWHNGI","3D9187VUCM5WKLNGHPE2LEFFNJ2IUG","Write a question about a video game (type: request; attributes: 1)","Produce a casual conversational question prompting for the name of a video game based on a given specifier","dialog, video game, writing, entertainment, chat, conversation, creative","$0.06","Tue Apr 23 20:32:56 PDT 2019","2","BatchId:3618515;OriginalHitTemplateId:920937336;","3600","1296000","Fri Apr 26 20:32:56 PDT 2019","","","3M81GAB8A15D1DS4QG21TUHCPJZQB0","A2ITJNPW1LDUN7","Submitted","Wed Apr 24 20:30:34 PDT 2019","Wed Apr 24 20:30:42 PDT 2019","Thu May 09 20:30:42 PDT 2019","","","","8","100% (35/35)","100% (35/35)","100% (34/34)","","","","","","","","","","","","","","Specifier: <b>dynamic</b>","Do you know any dynamic games i'd like?"
"3BVS8WK9Q0GXYV6RN6SQW8U0EKVIBG","3D9187VUCM5WKLNGHPE2LEFFNJ2IUG","Write a question about a video game (type: request; attributes: 1)","Produce a casual conversational question prompting for the name of a video game based on a given specifier","dialog, video game, writing, entertainment, chat, conversation, creative","$0.06","Tue Apr 23 20:32:56 PDT 2019","2","BatchId:3618515;OriginalHitTemplateId:920937336;","3600","1296000","Fri Apr 26 20:32:56 PDT 2019","","","3LO69W1SU4ZY1XK2EXMJDJ9FVRCGLS","A1MW021IG07IMF","Submitted","Wed Apr 24 21:21:21 PDT 2019","Wed Apr 24 21:21:41 PDT 2019","Thu May 09 21:21:41 PDT 2019","","","","20","100% (150/150)","100% (150/150)","100% (30/30)","","","","","","","","","","","","","","Specifier: <b>mindless</b>","I've been wanting to play something mindless, have you played any games like that lately?"
"3BVS8WK9Q0GXYV6RN6SQW8U0EKVIBG","3D9187VUCM5WKLNGHPE2LEFFNJ2IUG","Write a question about a video game (type: request; attributes: 1)","Produce a casual conversational question prompting for the name of a video game based on a given specifier","dialog, video game, writing, entertainment, chat, conversation, creative","$0.06","Tue Apr 23 20:32:56 PDT 2019","2","BatchId:3618515;OriginalHitTemplateId:920937336;","3600","1296000","Fri Apr 26 20:32:56 PDT 2019","","","3TU5ZICBRENUZFUXN4IR2SRBHDEQ81","A2ITJNPW1LDUN7","Submitted","Wed Apr 24 20:30:25 PDT 2019","Wed Apr 24 20:32:02 PDT 2019","Thu May 09 20:32:02 PDT 2019","","","","97","100% (35/35)","100% (35/35)","100% (34/34)","","","","","","","","","","","","","","Specifier: <b>mindless</b>","What's a nice mindless game I could play?"
"3VMHWJRYHV1K1772RUENI880HVRFXV","3D9187VUCM5WKLNGHPE2LEFFNJ2IUG","Write a question about a video game (type: request; attributes: 1)","Produce a casual conversational question prompting for the name of a video game based on a given specifier","dialog, video game, writing, entertainment, chat, conversation, creative","$0.06","Tue Apr 23 20:32:56 PDT 2019","2","BatchId:3618515;OriginalHitTemplateId:920937336;","3600","1296000","Fri Apr 26 20:32:56 PDT 2019","","","3GLB5JMZFYHF3LWA1GOVU61AMI9GDB","A1MW021IG07IMF","Submitted","Wed Apr 24 21:16:49 PDT 2019","Wed Apr 24 21:17:03 PDT 2019","Thu May 09 21:17:03 PDT 2019","","","","14","100% (150/150)","100% (150/150)","100% (30/30)","","","","","","","","","","","","","","Specifier: <b>moving</b>","What's the most moving game you know of?"
"3VMHWJRYHV1K1772RUENI880HVRFXV","3D9187VUCM5WKLNGHPE2LEFFNJ2IUG","Write a question about a video game (type: request; attributes: 1)","Produce a casual conversational question prompting for the name of a video game based on a given specifier","dialog, video game, writing, entertainment, chat, conversation, creative","$0.06","Tue Apr 23 20:32:56 PDT 2019","2","BatchId:3618515;OriginalHitTemplateId:920937336;","3600","1296000","Fri Apr 26 20:32:56 PDT 2019","","","3PJ71Z61R5O6WGTQ7HYQ1NEET75197","A2ITJNPW1LDUN7","Submitted","Wed Apr 24 20:33:02 PDT 2019","Wed Apr 24 20:36:32 PDT 2019","Thu May 09 20:36:32 PDT 2019","","","","210","100% (35/35)","100% (35/35)","100% (34/34)","","","","","","","","","","","","","","Specifier: <b>moving</b>","Have you played any games you found particularly moving?"
"34D9ZRXCYRFH9Z4VM4M85ZGH50CAS5","3D9187VUCM5WKLNGHPE2LEFFNJ2IUG","Write a question about a video game (type: request; attributes: 1)","Produce a casual conversational question prompting for the name of a video game based on a given specifier","dialog, video game, writing, entertainment, chat, conversation, creative","$0.06","Tue Apr 23 20:32:56 PDT 2019","2","BatchId:3618515;OriginalHitTemplateId:920937336;","3600","1296000","Fri Apr 26 20:32:56 PDT 2019","","","3907X2AHF1RYDORT7AU1SWOYQI82PT","A1MW021IG07IMF","Submitted","Wed Apr 24 21:20:17 PDT 2019","Wed Apr 24 21:20:47 PDT 2019","Thu May 09 21:20:47 PDT 2019","","","","30","100% (150/150)","100% (150/150)","100% (30/30)","","","","","","","","","","","","","","Specifier: <b>tearjerking</b>","Do you know of any video games you'd describe as tearjerking?"
"34D9ZRXCYRFH9Z4VM4M85ZGH50CAS5","3D9187VUCM5WKLNGHPE2LEFFNJ2IUG","Write a question about a video game (type: request; attributes: 1)","Produce a casual conversational question prompting for the name of a video game based on a given specifier","dialog, video game, writing, entertainment, chat, conversation, creative","$0.06","Tue Apr 23 20:32:56 PDT 2019","2","BatchId:3618515;OriginalHitTemplateId:920937336;","3600","1296000","Fri Apr 26 20:32:56 PDT 2019","","","3YDGXNSEO0GNAA7ZP7BEZPQ6LLX48Y","A2ITJNPW1LDUN7","Submitted","Wed Apr 24 20:32:59 PDT 2019","Wed Apr 24 20:36:23 PDT 2019","Thu May 09 20:36:23 PDT 2019","","","","204","100% (35/35)","100% (35/35)","100% (34/34)","","","","","","","","","","","","","","Specifier: <b>tearjerking</b>","Do you know any tearjerking games?"
"3HEADTGN2PDP087GIADZBCPY48URVZ","3D9187VUCM5WKLNGHPE2LEFFNJ2IUG","Write a question about a video game (type: request; attributes: 1)","Produce a casual conversational question prompting for the name of a video game based on a given specifier","dialog, video game, writing, entertainment, chat, conversation, creative","$0.06","Tue Apr 23 20:32:56 PDT 2019","2","BatchId:3618515;OriginalHitTemplateId:920937336;","3600","1296000","Fri Apr 26 20:32:56 PDT 2019","","","3FQ5JJ512MATRJJ6G1NDO35X72LKNR","A2ITJNPW1LDUN7","Submitted","Wed Apr 24 20:30:28 PDT 2019","Wed Apr 24 20:32:13 PDT 2019","Thu May 09 20:32:13 PDT 2019","","","","105","100% (35/35)","100% (35/35)","100% (34/34)","","","","","","","","","","","","","","Specifier: <b>rewarding</b>","Are there any rewarding games you'd recommend?"
"3HEADTGN2PDP087GIADZBCPY48URVZ","3D9187VUCM5WKLNGHPE2LEFFNJ2IUG","Write a question about a video game (type: request; attributes: 1)","Produce a casual conversational question prompting for the name of a video game based on a given specifier","dialog, video game, writing, entertainment, chat, conversation, creative","$0.06","Tue Apr 23 20:32:56 PDT 2019","2","BatchId:3618515;OriginalHitTemplateId:920937336;","3600","1296000","Fri Apr 26 20:32:56 PDT 2019","","","3TXMY6UCAFAWBIKA4GYW4ENU7XDQC7","A30L6SDLOKQJJO","Submitted","Tue Apr 23 21:44:20 PDT 2019","Tue Apr 23 21:44:49 PDT 2019","Wed May 08 21:44:49 PDT 2019","","","","29","100% (15/15)","100% (15/15)","100% (13/13)","","","","","","","","","","","","","","Specifier: <b>rewarding</b>","Did you feel that any recent release was extremely rewarding to complete?"