"HITId","HITTypeId","Title","Description","Keywords","Reward","CreationTime","MaxAssignments","RequesterAnnotation","AssignmentDurationInSeconds","AutoApprovalDelayInSeconds","Expiration","NumberOfSimilarHITs","LifetimeInSeconds","AssignmentId","WorkerId","AssignmentStatus","AcceptTime","SubmitTime","AutoApprovalTime","ApprovalTime","RejectionTime","RequesterFeedback","WorkTimeInSeconds","LifetimeApprovalRate","Last30DaysApprovalRate","Last7DaysApprovalRate","Input.name","Input.release_year","Input.exp_release_date","Input.developer","Input.esrb","Input.rating","Input.genres","Input.player_perspective","Input.has_multiplayer","Input.platforms","Input.available_on_steam","Input.has_linux_release","Input.has_mac_release","Answer.feedback","Answer.utterance","Approve","Reject"
"3NBFJK3IOH33LYP51NX9HGHJ53PGOM","3R9DAV8FBHY6ITO5LJRA3TAI12QQLX","Write a conversational response about a video game based on its given attributes and context (type: recommend; attributes: 2)","Produce a dialogic utterance given specific attributes about a video game, such as its name, genre and available platforms","dialog, video game, attributes, writing, entertainment, chat, conversation, creative","$0.07","Mon Apr 22 21:17:27 PDT 2019","2","BatchId:3617115;OriginalHitTemplateId:920937336;","3600","1296000","Tue Apr 23 21:17:27 PDT 2019","","","33LKR6A5KF6PGV245N37SNFQN461TL","A1ELPYAFO7MANS","Approved","Tue Apr 23 11:15:30 PDT 2019","Tue Apr 23 11:18:20 PDT 2019","Wed May 08 11:18:20 PDT 2019","Fri May 03 19:35:22 PDT 2019","","","170","100% (75/75)","100% (75/75)","100% (48/48)","<b>Metroid Prime Pinball</b>","","","","","","Genres: <b>pinball, puzzle</b>","","","","","","","","I know you like pinball and puzzle games. Metroid Prime Pinball is both - have you tried it?"
"3NBFJK3IOH33LYP51NX9HGHJ53PGOM","3R9DAV8FBHY6ITO5LJRA3TAI12QQLX","Write a conversational response about a video game based on its given attributes and context (type: recommend; attributes: 2)","Produce a dialogic utterance given specific attributes about a video game, such as its name, genre and available platforms","dialog, video game, attributes, writing, entertainment, chat, conversation, creative","$0.07","Mon Apr 22 21:17:27 PDT 2019","2","BatchId:3617115;OriginalHitTemplateId:920937336;","3600","1296000","Tue Apr 23 21:17:27 PDT 2019","","","3VHHR074H43F8491LUIP76WMW5O7L9","A1MW021IG07IMF","Approved","Mon Apr 22 23:29:31 PDT 2019","Mon Apr 22 23:30:18 PDT 2019","Tue May 07 23:30:18 PDT 2019","Fri May 03 19:35:22 PDT 2019","","","47","100% (184/184)","100% (184/184)","100% (64/64)","<b>Metroid Prime Pinball</b>","","","","","","Genres: <b>pinball, puzzle</b>","","","","","","","","Since we're on the subject of puzzle pinball games, it got me wondering, have you heard of Metroid Prime Pinball?"
"3XH7ZM9YX2FR31UDF983JU01CDE9RX","3R9DAV8FBHY6ITO5LJRA3TAI12QQLX","Write a conversational response about a video game based on its given attributes and context (type: recommend; attributes: 2)","Produce a dialogic utterance given specific attributes about a video game, such as its name, genre and available platforms","dialog, video game, attributes, writing, entertainment, chat, conversation, creative","$0.07","Mon Apr 22 21:17:27 PDT 2019","2","BatchId:3617115;OriginalHitTemplateId:920937336;","3600","1296000","Thu Apr 25 21:32:20 PDT 2019","","","35BLDD71I7J1OJR1ITCELZNNX4ZVZK","A1ELPYAFO7MANS","Approved","Tue Apr 23 11:19:20 PDT 2019","Tue Apr 23 11:21:27 PDT 2019","Wed May 08 11:21:27 PDT 2019","Fri May 03 19:35:23 PDT 2019","","","127","100% (75/75)","100% (75/75)","100% (48/48)","<b>Metroid Prime Pinball</b>","","","Developer: <b>Fuse Games</b>","","","","","","","","","","","Since you're into games developed by Fuse Games, I wonder if you've tried Metroid Prime Pinball yet?"
"3XH7ZM9YX2FR31UDF983JU01CDE9RX","3R9DAV8FBHY6ITO5LJRA3TAI12QQLX","Write a conversational response about a video game based on its given attributes and context (type: recommend; attributes: 2)","Produce a dialogic utterance given specific attributes about a video game, such as its name, genre and available platforms","dialog, video game, attributes, writing, entertainment, chat, conversation, creative","$0.07","Mon Apr 22 21:17:27 PDT 2019","2","BatchId:3617115;OriginalHitTemplateId:920937336;","3600","1296000","Thu Apr 25 21:32:20 PDT 2019","","","3VD82FOHKRATQ67UP36SF9SUS8UCO8","A2ITJNPW1LDUN7","Approved","Thu Apr 25 07:51:57 PDT 2019","Thu Apr 25 07:52:14 PDT 2019","Fri May 10 07:52:14 PDT 2019","Fri May 03 19:35:23 PDT 2019","","","17","100% (83/83)","100% (83/83)","100% (82/82)","<b>Metroid Prime Pinball</b>","","","Developer: <b>Fuse Games</b>","","","","","","","","","","","If you like Fuse Games' work, you'd love Metroid Prime Pinball ."
"359AP8GAGG5JJGH1IFKOG3A9HMNC7I","3R9DAV8FBHY6ITO5LJRA3TAI12QQLX","Write a conversational response about a video game based on its given attributes and context (type: recommend; attributes: 2)","Produce a dialogic utterance given specific attributes about a video game, such as its name, genre and available platforms","dialog, video game, attributes, writing, entertainment, chat, conversation, creative","$0.07","Mon Apr 22 21:17:27 PDT 2019","2","BatchId:3617115;OriginalHitTemplateId:920937336;","3600","1296000","Tue Apr 23 21:17:27 PDT 2019","","","3DQQ64TANH7KP4P0LUJ8G34NU42PWR","A1ELPYAFO7MANS","Approved","Mon Apr 22 21:28:28 PDT 2019","Mon Apr 22 21:29:03 PDT 2019","Tue May 07 21:29:03 PDT 2019","Fri May 03 19:35:23 PDT 2019","","","35","100% (75/75)","100% (75/75)","100% (48/48)","<b>Metroid Prime Pinball</b>","","","","","","","","","Platform: <b>Nintendo</b>","","","","","Since you like Nintendo games, I wonder if you've ever played Metroid Prime Pinball?"
"359AP8GAGG5JJGH1IFKOG3A9HMNC7I","3R9DAV8FBHY6ITO5LJRA3TAI12QQLX","Write a conversational response about a video game based on its given attributes and context (type: recommend; attributes: 2)","Produce a dialogic utterance given specific attributes about a video game, such as its name, genre and available platforms","dialog, video game, attributes, writing, entertainment, chat, conversation, creative","$0.07","Mon Apr 22 21:17:27 PDT 2019","2","BatchId:3617115;OriginalHitTemplateId:920937336;","3600","1296000","Tue Apr 23 21:17:27 PDT 2019","","","3F6KKYWMNCNLDDDWOK1QKQA7NALNDC","A1MW021IG07IMF","Approved","Mon Apr 22 23:20:15 PDT 2019","Mon Apr 22 23:20:42 PDT 2019","Tue May 07 23:20:42 PDT 2019","Fri May 03 19:35:23 PDT 2019","","","27","100% (184/184)","100% (184/184)","100% (64/64)","<b>Metroid Prime Pinball</b>","","","","","","","","","Platform: <b>Nintendo</b>","","","","","And speaking of Nintendo games, have you heard of Metroid Prime Pinball?"
"3M7OI89LVY90FG3WZ5FWAPADMB3C6J","3R9DAV8FBHY6ITO5LJRA3TAI12QQLX","Write a conversational response about a video game based on its given attributes and context (type: recommend; attributes: 2)","Produce a dialogic utterance given specific attributes about a video game, such as its name, genre and available platforms","dialog, video game, attributes, writing, entertainment, chat, conversation, creative","$0.07","Mon Apr 22 21:17:27 PDT 2019","2","BatchId:3617115;OriginalHitTemplateId:920937336;","3600","1296000","Tue Apr 23 21:17:27 PDT 2019","","","35L9RVQFCP4FKJ277HW2P6HZNYKUHX","A1MW021IG07IMF","Approved","Mon Apr 22 22:42:48 PDT 2019","Mon Apr 22 22:44:05 PDT 2019","Tue May 07 22:44:05 PDT 2019","Fri May 03 19:35:23 PDT 2019","","","77","100% (184/184)","100% (184/184)","100% (64/64)","<b>Metroid Prime Pinball</b>","","","","ESRB content rating: <b>E (for Everyone)</b>","","","","","","","","","","Speaking of good E rated games, have you ever played Metroid Prime Pinball?"
"3M7OI89LVY90FG3WZ5FWAPADMB3C6J","3R9DAV8FBHY6ITO5LJRA3TAI12QQLX","Write a conversational response about a video game based on its given attributes and context (type: recommend; attributes: 2)","Produce a dialogic utterance given specific attributes about a video game, such as its name, genre and available platforms","dialog, video game, attributes, writing, entertainment, chat, conversation, creative","$0.07","Mon Apr 22 21:17:27 PDT 2019","2","BatchId:3617115;OriginalHitTemplateId:920937336;","3600","1296000","Tue Apr 23 21:17:27 PDT 2019","","","3ZSY5X72NYXXW8WD70WN44RGSUIORH","A1ELPYAFO7MANS","Approved","Tue Apr 23 11:14:28 PDT 2019","Tue Apr 23 11:15:00 PDT 2019","Wed May 08 11:15:00 PDT 2019","Fri May 03 19:35:23 PDT 2019","","","32","100% (75/75)","100% (75/75)","100% (48/48)","<b>Metroid Prime Pinball</b>","","","","ESRB content rating: <b>E (for Everyone)</b>","","","","","","","","","","I know you need games rated E (for Everyone) so your whole family can play; have you tried Metroid Prime Pinball"
"3FHTJGYT8NLL6Y16GNAO6GM9F8LGP3","3R9DAV8FBHY6ITO5LJRA3TAI12QQLX","Write a conversational response about a video game based on its given attributes and context (type: recommend; attributes: 2)","Produce a dialogic utterance given specific attributes about a video game, such as its name, genre and available platforms","dialog, video game, attributes, writing, entertainment, chat, conversation, creative","$0.07","Mon Apr 22 21:17:27 PDT 2019","2","BatchId:3617115;OriginalHitTemplateId:920937336;","3600","1296000","Tue Apr 23 21:17:27 PDT 2019","","","3D4CH1LGEBF30VJTP0JT8AIKVEP9GG","A1MW021IG07IMF","Approved","Mon Apr 22 23:28:26 PDT 2019","Mon Apr 22 23:28:54 PDT 2019","Tue May 07 23:28:54 PDT 2019","Fri May 03 19:35:23 PDT 2019","","","28","100% (184/184)","100% (184/184)","100% (64/64)","<b>Metroid Prime Pinball</b>","","","","","","","","Has multiplayer: <b>yes</b>","","","","","","And speaking of games with multiplayer, have you ever heard of Metroid Prime Pinball?"
"3FHTJGYT8NLL6Y16GNAO6GM9F8LGP3","3R9DAV8FBHY6ITO5LJRA3TAI12QQLX","Write a conversational response about a video game based on its given attributes and context (type: recommend; attributes: 2)","Produce a dialogic utterance given specific attributes about a video game, such as its name, genre and available platforms","dialog, video game, attributes, writing, entertainment, chat, conversation, creative","$0.07","Mon Apr 22 21:17:27 PDT 2019","2","BatchId:3617115;OriginalHitTemplateId:920937336;","3600","1296000","Tue Apr 23 21:17:27 PDT 2019","","","3FUI0JHJPYKGRHIPDCBZY3QPRP833Z","A1ELPYAFO7MANS","Approved","Tue Apr 23 11:21:27 PDT 2019","Tue Apr 23 11:21:51 PDT 2019","Wed May 08 11:21:51 PDT 2019","Fri May 03 19:35:23 PDT 2019","","","24","100% (75/75)","100% (75/75)","100% (48/48)","<b>Metroid Prime Pinball</b>","","","","","","","","Has multiplayer: <b>yes</b>","","","","","","Since you're looking for multiplayer games, have you checked out Metroid Prime Pinball?"
"3TCFMTM8HE9SACAXW6E93GAA29A212","3R9DAV8FBHY6ITO5LJRA3TAI12QQLX","Write a conversational response about a video game based on its given attributes and context (type: recommend; attributes: 2)","Produce a dialogic utterance given specific attributes about a video game, such as its name, genre and available platforms","dialog, video game, attributes, writing, entertainment, chat, conversation, creative","$0.07","Mon Apr 22 21:17:27 PDT 2019","2","BatchId:3617115;OriginalHitTemplateId:920937336;","3600","1296000","Tue Apr 23 21:17:27 PDT 2019","","","35GMH2SV3F38N4R8LUCN5XSXDWREOB","A1MW021IG07IMF","Approved","Mon Apr 22 23:20:42 PDT 2019","Mon Apr 22 23:21:46 PDT 2019","Tue May 07 23:21:46 PDT 2019","Fri May 03 19:35:24 PDT 2019","","","64","100% (184/184)","100% (184/184)","100% (64/64)","<b>The Forest of Doom</b>","","","","","","Genres: <b>role-playing, text adventure</b>","","","","","","","","Since we're on the subject of text adventure RPGs, have you ever played The Forest of Doom?"
"3TCFMTM8HE9SACAXW6E93GAA29A212","3R9DAV8FBHY6ITO5LJRA3TAI12QQLX","Write a conversational response about a video game based on its given attributes and context (type: recommend; attributes: 2)","Produce a dialogic utterance given specific attributes about a video game, such as its name, genre and available platforms","dialog, video game, attributes, writing, entertainment, chat, conversation, creative","$0.07","Mon Apr 22 21:17:27 PDT 2019","2","BatchId:3617115;OriginalHitTemplateId:920937336;","3600","1296000","Tue Apr 23 21:17:27 PDT 2019","","","3BXQMRHWK0K1CX3IYECFHBPV4JMMUZ","A1ELPYAFO7MANS","Approved","Mon Apr 22 21:37:04 PDT 2019","Mon Apr 22 21:37:39 PDT 2019","Tue May 07 21:37:39 PDT 2019","Fri May 03 19:35:24 PDT 2019","","","35","100% (75/75)","100% (75/75)","100% (48/48)","<b>The Forest of Doom</b>","","","","","","Genres: <b>role-playing, text adventure</b>","","","","","","","","I was wondering if you've tried the text adventure role-playing game The Forest of Doom?"
"3X7837UUADJNNU929XWIXTN8CVCJ64","3R9DAV8FBHY6ITO5LJRA3TAI12QQLX","Write a conversational response about a video game based on its given attributes and context (type: recommend; attributes: 2)","Produce a dialogic utterance given specific attributes about a video game, such as its name, genre and available platforms","dialog, video game, attributes, writing, entertainment, chat, conversation, creative","$0.07","Mon Apr 22 21:17:27 PDT 2019","2","BatchId:3617115;OriginalHitTemplateId:920937336;","3600","1296000","Tue Apr 23 21:17:27 PDT 2019","","","3IJXV6UZ1Y5N0MLA95JIK7VUGMNIRM","A1ELPYAFO7MANS","Approved","Tue Apr 23 11:32:20 PDT 2019","Tue Apr 23 11:32:35 PDT 2019","Wed May 08 11:32:35 PDT 2019","Fri May 03 19:35:24 PDT 2019","","","15","100% (75/75)","100% (75/75)","100% (48/48)","<b>The Forest of Doom</b>","","","","","","","","","Platform: <b>PC</b>","","","","","Since you're a PC gamer, have you tried The Forest of Doom?"
"3X7837UUADJNNU929XWIXTN8CVCJ64","3R9DAV8FBHY6ITO5LJRA3TAI12QQLX","Write a conversational response about a video game based on its given attributes and context (type: recommend; attributes: 2)","Produce a dialogic utterance given specific attributes about a video game, such as its name, genre and available platforms","dialog, video game, attributes, writing, entertainment, chat, conversation, creative","$0.07","Mon Apr 22 21:17:27 PDT 2019","2","BatchId:3617115;OriginalHitTemplateId:920937336;","3600","1296000","Tue Apr 23 21:17:27 PDT 2019","","","3X3OR7WPZ0MJ8IEKVZAVL6SH7OS8LT","A1MW021IG07IMF","Approved","Mon Apr 22 23:26:47 PDT 2019","Mon Apr 22 23:28:26 PDT 2019","Tue May 07 23:28:26 PDT 2019","Fri May 03 19:35:24 PDT 2019","","","99","100% (184/184)","100% (184/184)","100% (64/64)","<b>The Forest of Doom</b>","","","","","","","","","Platform: <b>PC</b>","","","","","So as long as we're bringing up PC games, I was curious, have you played The Forest of Doom?"
"37VHPF5VYCONJUMKSKCUU364S6TC85","3R9DAV8FBHY6ITO5LJRA3TAI12QQLX","Write a conversational response about a video game based on its given attributes and context (type: recommend; attributes: 2)","Produce a dialogic utterance given specific attributes about a video game, such as its name, genre and available platforms","dialog, video game, attributes, writing, entertainment, chat, conversation, creative","$0.07","Mon Apr 22 21:17:27 PDT 2019","2","BatchId:3617115;OriginalHitTemplateId:920937336;","3600","1296000","Thu Apr 25 21:32:21 PDT 2019","","","3E1QT0TDFQVHIH6EAWDITQ0PQTTI82","A1ELPYAFO7MANS","Approved","Tue Apr 23 11:03:06 PDT 2019","Tue Apr 23 11:03:35 PDT 2019","Wed May 08 11:03:35 PDT 2019","Fri May 03 19:35:24 PDT 2019","","","29","100% (75/75)","100% (75/75)","100% (48/48)","<b>The Forest of Doom</b>","","","","","","","","","","","","Has a Mac release: <b>yes</b>","","Since you just got a Mac, I wonder if you've tried The Forest of Doom yet?"
"37VHPF5VYCONJUMKSKCUU364S6TC85","3R9DAV8FBHY6ITO5LJRA3TAI12QQLX","Write a conversational response about a video game based on its given attributes and context (type: recommend; attributes: 2)","Produce a dialogic utterance given specific attributes about a video game, such as its name, genre and available platforms","dialog, video game, attributes, writing, entertainment, chat, conversation, creative","$0.07","Mon Apr 22 21:17:27 PDT 2019","2","BatchId:3617115;OriginalHitTemplateId:920937336;","3600","1296000","Thu Apr 25 21:32:21 PDT 2019","","","3U088ZLJVLFH1NLG494I123FMKM0W3","A2ITJNPW1LDUN7","Approved","Thu Apr 25 05:29:23 PDT 2019","Thu Apr 25 05:31:26 PDT 2019","Fri May 10 05:31:26 PDT 2019","Fri May 03 19:35:24 PDT 2019","","","123","100% (83/83)","100% (83/83)","100% (82/82)","<b>The Forest of Doom</b>","","","","","","","","","","","","Has a Mac release: <b>yes</b>","","if you like mac games, you should give The Forest of Doom a try."
"3XD2A6FGFNF34GUQUY88945XYFX9SL","3R9DAV8FBHY6ITO5LJRA3TAI12QQLX","Write a conversational response about a video game based on its given attributes and context (type: recommend; attributes: 2)","Produce a dialogic utterance given specific attributes about a video game, such as its name, genre and available platforms","dialog, video game, attributes, writing, entertainment, chat, conversation, creative","$0.07","Mon Apr 22 21:17:27 PDT 2019","2","BatchId:3617115;OriginalHitTemplateId:920937336;","3600","1296000","Thu Apr 25 21:32:21 PDT 2019","","","36AHBNMV1SYFPCHAVMA1168ER3RDYC","A1ELPYAFO7MANS","Approved","Tue Apr 23 11:18:21 PDT 2019","Tue Apr 23 11:18:43 PDT 2019","Wed May 08 11:18:43 PDT 2019","Fri May 03 19:35:24 PDT 2019","","","22","100% (75/75)","100% (75/75)","100% (48/48)","<b>The Forest of Doom</b>","","","","","","","","","","Available on Steam: <b>yes</b>","","","","I know you have a lot of Steam games, have you tried The Forest of Doom?"
"3XD2A6FGFNF34GUQUY88945XYFX9SL","3R9DAV8FBHY6ITO5LJRA3TAI12QQLX","Write a conversational response about a video game based on its given attributes and context (type: recommend; attributes: 2)","Produce a dialogic utterance given specific attributes about a video game, such as its name, genre and available platforms","dialog, video game, attributes, writing, entertainment, chat, conversation, creative","$0.07","Mon Apr 22 21:17:27 PDT 2019","2","BatchId:3617115;OriginalHitTemplateId:920937336;","3600","1296000","Thu Apr 25 21:32:21 PDT 2019","","","3W8CV64QJ3LH0RE4961BTAULA0PH9I","A2ITJNPW1LDUN7","Approved","Thu Apr 25 07:03:17 PDT 2019","Thu Apr 25 07:21:47 PDT 2019","Fri May 10 07:21:47 PDT 2019","Fri May 03 19:35:24 PDT 2019","","","1110","100% (83/83)","100% (83/83)","100% (82/82)","<b>The Forest of Doom</b>","","","","","","","","","","Available on Steam: <b>yes</b>","","","","Since you're fond of games on steam, have you heard of The Forest of Doom ?"
"3LVTFB9DE5366A2LG0PD6LCJK47GQU","3R9DAV8FBHY6ITO5LJRA3TAI12QQLX","Write a conversational response about a video game based on its given attributes and context (type: recommend; attributes: 2)","Produce a dialogic utterance given specific attributes about a video game, such as its name, genre and available platforms","dialog, video game, attributes, writing, entertainment, chat, conversation, creative","$0.07","Mon Apr 22 21:17:27 PDT 2019","2","BatchId:3617115;OriginalHitTemplateId:920937336;","3600","1296000","Thu Apr 25 21:32:22 PDT 2019","","","3483FV8BEF5Q3I9OSEVSMWXHVHM26Z","A2ITJNPW1LDUN7","Approved","Thu Apr 25 07:50:27 PDT 2019","Thu Apr 25 07:50:42 PDT 2019","Fri May 10 07:50:42 PDT 2019","Fri May 03 19:35:24 PDT 2019","","","15","100% (83/83)","100% (83/83)","100% (82/82)","<b>The Forest of Doom</b>","","","Developer: <b>Tin Man Games</b>","","","","","","","","","","","Tin Man games also makes The Forest of Doom, have you played that?"
"3LVTFB9DE5366A2LG0PD6LCJK47GQU","3R9DAV8FBHY6ITO5LJRA3TAI12QQLX","Write a conversational response about a video game based on its given attributes and context (type: recommend; attributes: 2)","Produce a dialogic utterance given specific attributes about a video game, such as its name, genre and available platforms","dialog, video game, attributes, writing, entertainment, chat, conversation, creative","$0.07","Mon Apr 22 21:17:27 PDT 2019","2","BatchId:3617115;OriginalHitTemplateId:920937336;","3600","1296000","Thu Apr 25 21:32:22 PDT 2019","","","35GCEFQ6I6AHCAPIYJ6824V46K0Z3L","A1ELPYAFO7MANS","Approved","Tue Apr 23 10:50:21 PDT 2019","Tue Apr 23 10:54:18 PDT 2019","Wed May 08 10:54:18 PDT 2019","Fri May 03 19:35:25 PDT 2019","","","237","100% (75/75)","100% (75/75)","100% (48/48)","<b>The Forest of Doom</b>","","","Developer: <b>Tin Man Games</b>","","","","","","","","","","","Have you heard of The Forest of Doom, developed by Tin Man Games?"
"366FYU4PTGAMBT8ZX0FSAWFY8I0EKJ","3R9DAV8FBHY6ITO5LJRA3TAI12QQLX","Write a conversational response about a video game based on its given attributes and context (type: recommend; attributes: 2)","Produce a dialogic utterance given specific attributes about a video game, such as its name, genre and available platforms","dialog, video game, attributes, writing, entertainment, chat, conversation, creative","$0.07","Mon Apr 22 21:17:28 PDT 2019","2","BatchId:3617115;OriginalHitTemplateId:920937336;","3600","1296000","Thu Apr 25 21:32:22 PDT 2019","","","32AT8R96GMV4ASGNIB81TKO1W83USI","A1ELPYAFO7MANS","Approved","Mon Apr 22 21:36:32 PDT 2019","Mon Apr 22 21:37:04 PDT 2019","Tue May 07 21:37:04 PDT 2019","Fri May 03 19:35:25 PDT 2019","","","32","100% (75/75)","100% (75/75)","100% (48/48)","<b>The Witcher 3: Wild Hunt</b>","","","","ESRB content rating: <b>M (for Mature)</b>","","","","","","","","","","I know you're into games rated M (for Mature). Have you checked out The Witcher 3: Wild Hunt yet?"
"366FYU4PTGAMBT8ZX0FSAWFY8I0EKJ","3R9DAV8FBHY6ITO5LJRA3TAI12QQLX","Write a conversational response about a video game based on its given attributes and context (type: recommend; attributes: 2)","Produce a dialogic utterance given specific attributes about a video game, such as its name, genre and available platforms","dialog, video game, attributes, writing, entertainment, chat, conversation, creative","$0.07","Mon Apr 22 21:17:28 PDT 2019","2","BatchId:3617115;OriginalHitTemplateId:920937336;","3600","1296000","Thu Apr 25 21:32:22 PDT 2019","","","3TR2532VIQGQ9E7WZZ1KLDJYXS96JR","A2ITJNPW1LDUN7","Approved","Thu Apr 25 07:51:23 PDT 2019","Thu Apr 25 07:51:37 PDT 2019","Fri May 10 07:51:37 PDT 2019","Fri May 03 19:35:25 PDT 2019","","","14","100% (83/83)","100% (83/83)","100% (82/82)","<b>The Witcher 3: Wild Hunt</b>","","","","ESRB content rating: <b>M (for Mature)</b>","","","","","","","","","","Oh, on the topic of M rated games,  The Witcher 3: Wild Hunt is absolutely amazing."
"3W3RSPVVGSCEKVN3806YTEEGJ6ZLUA","3R9DAV8FBHY6ITO5LJRA3TAI12QQLX","Write a conversational response about a video game based on its given attributes and context (type: recommend; attributes: 2)","Produce a dialogic utterance given specific attributes about a video game, such as its name, genre and available platforms","dialog, video game, attributes, writing, entertainment, chat, conversation, creative","$0.07","Mon Apr 22 21:17:28 PDT 2019","2","BatchId:3617115;OriginalHitTemplateId:920937336;","3600","1296000","Thu Apr 25 21:32:23 PDT 2019","","","3QECW5O0KINO4D3N6A5JVDS7ZAOT5O","A1ELPYAFO7MANS","Approved","Mon Apr 22 21:35:50 PDT 2019","Mon Apr 22 21:36:32 PDT 2019","Tue May 07 21:36:32 PDT 2019","Fri May 03 19:35:25 PDT 2019","","","42","100% (75/75)","100% (75/75)","100% (48/48)","<b>The Witcher 3: Wild Hunt</b>","","","","","","","","","Platform: <b>Xbox</b>","","","","","I know you love Xbox games. Have you tried The Witcher 3: Wild Hunt yet?"
"3W3RSPVVGSCEKVN3806YTEEGJ6ZLUA","3R9DAV8FBHY6ITO5LJRA3TAI12QQLX","Write a conversational response about a video game based on its given attributes and context (type: recommend; attributes: 2)","Produce a dialogic utterance given specific attributes about a video game, such as its name, genre and available platforms","dialog, video game, attributes, writing, entertainment, chat, conversation, creative","$0.07","Mon Apr 22 21:17:28 PDT 2019","2","BatchId:3617115;OriginalHitTemplateId:920937336;","3600","1296000","Thu Apr 25 21:32:23 PDT 2019","","","3ZPPDN2SLWI5GHN2J5T587X8IKC9E9","A2ITJNPW1LDUN7","Approved","Thu Apr 25 05:32:44 PDT 2019","Thu Apr 25 05:33:07 PDT 2019","Fri May 10 05:33:07 PDT 2019","Fri May 03 19:35:25 PDT 2019","","","23","100% (83/83)","100% (83/83)","100% (82/82)","<b>The Witcher 3: Wild Hunt</b>","","","","","","","","","Platform: <b>Xbox</b>","","","","","If you've got an Xbox you have to play The Witcher 3: Wild Hunt, it's amazing."
"37NXA7GVSTREXAC3DQG3P0GZXD8LVZ","3R9DAV8FBHY6ITO5LJRA3TAI12QQLX","Write a conversational response about a video game based on its given attributes and context (type: recommend; attributes: 2)","Produce a dialogic utterance given specific attributes about a video game, such as its name, genre and available platforms","dialog, video game, attributes, writing, entertainment, chat, conversation, creative","$0.07","Mon Apr 22 21:17:28 PDT 2019","2","BatchId:3617115;OriginalHitTemplateId:920937336;","3600","1296000","Tue Apr 23 21:17:28 PDT 2019","","","34HJIJKLP6ILLM3CX0MOR3AEWZ94VA","A1ELPYAFO7MANS","Approved","Mon Apr 22 21:34:59 PDT 2019","Mon Apr 22 21:35:50 PDT 2019","Tue May 07 21:35:50 PDT 2019","Fri May 03 19:35:25 PDT 2019","","","51","100% (75/75)","100% (75/75)","100% (48/48)","<b>The Witcher 3: Wild Hunt</b>","","","","","","","Player perspective: <b>third person</b>","","","","","","","Speaking of third person perspective games, have you tried The Witcher 3: Wild Hunt?"
"37NXA7GVSTREXAC3DQG3P0GZXD8LVZ","3R9DAV8FBHY6ITO5LJRA3TAI12QQLX","Write a conversational response about a video game based on its given attributes and context (type: recommend; attributes: 2)","Produce a dialogic utterance given specific attributes about a video game, such as its name, genre and available platforms","dialog, video game, attributes, writing, entertainment, chat, conversation, creative","$0.07","Mon Apr 22 21:17:28 PDT 2019","2","BatchId:3617115;OriginalHitTemplateId:920937336;","3600","1296000","Tue Apr 23 21:17:28 PDT 2019","","","3PDJHANYK62UI8C6BZYZ903JKCOH64","A1MW021IG07IMF","Approved","Mon Apr 22 23:19:09 PDT 2019","Mon Apr 22 23:19:41 PDT 2019","Tue May 07 23:19:41 PDT 2019","Fri May 03 19:35:25 PDT 2019","","","32","100% (184/184)","100% (184/184)","100% (64/64)","<b>The Witcher 3: Wild Hunt</b>","","","","","","","Player perspective: <b>third person</b>","","","","","","","And speaking of games with a third person perspective, have you played The Witcher 3: Wild Hunt?"
"3ZVPAMTJWNO6IBHLTFEDBBMOGQ9GRV","3R9DAV8FBHY6ITO5LJRA3TAI12QQLX","Write a conversational response about a video game based on its given attributes and context (type: recommend; attributes: 2)","Produce a dialogic utterance given specific attributes about a video game, such as its name, genre and available platforms","dialog, video game, attributes, writing, entertainment, chat, conversation, creative","$0.07","Mon Apr 22 21:17:28 PDT 2019","2","BatchId:3617115;OriginalHitTemplateId:920937336;","3600","1296000","Tue Apr 23 21:17:28 PDT 2019","","","3CTOC39K38C9DEL1I96CRRJUSO8J7O","A1ELPYAFO7MANS","Approved","Tue Apr 23 10:44:52 PDT 2019","Tue Apr 23 10:49:41 PDT 2019","Wed May 08 10:49:41 PDT 2019","Fri May 03 19:35:25 PDT 2019","","","289","100% (75/75)","100% (75/75)","100% (48/48)","<b>The Witcher 3: Wild Hunt</b>","","","Developer: <b>CD Projekt RED</b>","","","","","","","","","","","Since you like games by CD Projekt RED, I'm wondering if you've played The Witcher 3: Wild Hunt?"
"3ZVPAMTJWNO6IBHLTFEDBBMOGQ9GRV","3R9DAV8FBHY6ITO5LJRA3TAI12QQLX","Write a conversational response about a video game based on its given attributes and context (type: recommend; attributes: 2)","Produce a dialogic utterance given specific attributes about a video game, such as its name, genre and available platforms","dialog, video game, attributes, writing, entertainment, chat, conversation, creative","$0.07","Mon Apr 22 21:17:28 PDT 2019","2","BatchId:3617115;OriginalHitTemplateId:920937336;","3600","1296000","Tue Apr 23 21:17:28 PDT 2019","","","3RXCAC0YISB3MQ0JK8DF8EN9B7HG86","A1MW021IG07IMF","Approved","Mon Apr 22 22:45:03 PDT 2019","Mon Apr 22 22:45:43 PDT 2019","Tue May 07 22:45:43 PDT 2019","Fri May 03 19:35:26 PDT 2019","","","40","100% (184/184)","100% (184/184)","100% (64/64)","<b>The Witcher 3: Wild Hunt</b>","","","Developer: <b>CD Projekt RED</b>","","","","","","","","","","","The best game I know developed by CD Projekt RED is The Witcher 3: Wild Hunt, have you ever played it?"
"3RTFSSG7T8RRCZC830LZB2ZD4MALW9","3R9DAV8FBHY6ITO5LJRA3TAI12QQLX","Write a conversational response about a video game based on its given attributes and context (type: recommend; attributes: 2)","Produce a dialogic utterance given specific attributes about a video game, such as its name, genre and available platforms","dialog, video game, attributes, writing, entertainment, chat, conversation, creative","$0.07","Mon Apr 22 21:17:28 PDT 2019","2","BatchId:3617115;OriginalHitTemplateId:920937336;","3600","1296000","Tue Apr 23 21:17:28 PDT 2019","","","386PBUZZXGJ8SZA3M37MAW1VN0OJLS","A1MW021IG07IMF","Approved","Mon Apr 22 23:30:27 PDT 2019","Mon Apr 22 23:31:16 PDT 2019","Tue May 07 23:31:16 PDT 2019","Fri May 03 19:35:26 PDT 2019","","","49","100% (184/184)","100% (184/184)","100% (64/64)","<b>The Witcher 3: Wild Hunt</b>","","","","","","Genres: <b>action-adventure, role-playing</b>","","","","","","","","So since we're talking about action-adventure RPGs, I gotta ask, have you played The Witcher 3: Wild Hunt?"
"3RTFSSG7T8RRCZC830LZB2ZD4MALW9","3R9DAV8FBHY6ITO5LJRA3TAI12QQLX","Write a conversational response about a video game based on its given attributes and context (type: recommend; attributes: 2)","Produce a dialogic utterance given specific attributes about a video game, such as its name, genre and available platforms","dialog, video game, attributes, writing, entertainment, chat, conversation, creative","$0.07","Mon Apr 22 21:17:28 PDT 2019","2","BatchId:3617115;OriginalHitTemplateId:920937336;","3600","1296000","Tue Apr 23 21:17:28 PDT 2019","","","3SUWZRL0MZZIYYL4LYQTOX66S5Y6EX","A1ELPYAFO7MANS","Approved","Tue Apr 23 11:13:53 PDT 2019","Tue Apr 23 11:14:28 PDT 2019","Wed May 08 11:14:28 PDT 2019","Fri May 03 19:35:26 PDT 2019","","","35","100% (75/75)","100% (75/75)","100% (48/48)","<b>The Witcher 3: Wild Hunt</b>","","","","","","Genres: <b>action-adventure, role-playing</b>","","","","","","","","I know you're into role-playing games, so I wonder if you've tried the action-adventure role-playing game The Witcher 3: Wild Hunt?"
"3GVPRXWRPHFAWJ31APGAR684UR77IF","3R9DAV8FBHY6ITO5LJRA3TAI12QQLX","Write a conversational response about a video game based on its given attributes and context (type: recommend; attributes: 2)","Produce a dialogic utterance given specific attributes about a video game, such as its name, genre and available platforms","dialog, video game, attributes, writing, entertainment, chat, conversation, creative","$0.07","Mon Apr 22 21:17:28 PDT 2019","2","BatchId:3617115;OriginalHitTemplateId:920937336;","3600","1296000","Thu Apr 25 21:32:24 PDT 2019","","","3H0W84IWBLOBKHJODMTRZSX2O7QERB","A2ITJNPW1LDUN7","Approved","Thu Apr 25 07:50:02 PDT 2019","Thu Apr 25 07:50:24 PDT 2019","Fri May 10 07:50:24 PDT 2019","Fri May 03 19:35:26 PDT 2019","","","22","100% (83/83)","100% (83/83)","100% (82/82)","<b>Transport Tycoon</b>","","","","","","Genres: <b>simulation, strategy</b>","","","","","","","","On the topic of simulation strategy games, have you tried Transport Tycoon?"
"3GVPRXWRPHFAWJ31APGAR684UR77IF","3R9DAV8FBHY6ITO5LJRA3TAI12QQLX","Write a conversational response about a video game based on its given attributes and context (type: recommend; attributes: 2)","Produce a dialogic utterance given specific attributes about a video game, such as its name, genre and available platforms","dialog, video game, attributes, writing, entertainment, chat, conversation, creative","$0.07","Mon Apr 22 21:17:28 PDT 2019","2","BatchId:3617115;OriginalHitTemplateId:920937336;","3600","1296000","Thu Apr 25 21:32:24 PDT 2019","","","3SBEHTYCWOPWXNXWN0BCS3ORJ92IYO","A1ELPYAFO7MANS","Approved","Tue Apr 23 11:32:35 PDT 2019","Tue Apr 23 11:32:54 PDT 2019","Wed May 08 11:32:54 PDT 2019","Fri May 03 19:35:26 PDT 2019","","","19","100% (75/75)","100% (75/75)","100% (48/48)","<b>Transport Tycoon</b>","","","","","","Genres: <b>simulation, strategy</b>","","","","","","","","Since you're into simulation games, have you tried the simulation strategy game Transport Tycoon?"
"3G9UA71JVVF6RUN7S71A37N476W7JR","3R9DAV8FBHY6ITO5LJRA3TAI12QQLX","Write a conversational response about a video game based on its given attributes and context (type: recommend; attributes: 2)","Produce a dialogic utterance given specific attributes about a video game, such as its name, genre and available platforms","dialog, video game, attributes, writing, entertainment, chat, conversation, creative","$0.07","Mon Apr 22 21:17:28 PDT 2019","2","BatchId:3617115;OriginalHitTemplateId:920937336;","3600","1296000","Tue Apr 23 21:17:28 PDT 2019","","","3SUWZRL0MZZIYYL4LYQTOX66SV9E6W","A1ELPYAFO7MANS","Approved","Mon Apr 22 21:30:20 PDT 2019","Mon Apr 22 21:34:58 PDT 2019","Tue May 07 21:34:58 PDT 2019","Fri May 03 19:35:26 PDT 2019","","","278","100% (75/75)","100% (75/75)","100% (48/48)","<b>Transport Tycoon</b>","","","Developer: <b>Chris Sawyer</b>","","","","","","","","","","","Since you like other games developed by Chris Sawyer, I wonder if you've ever played Transport Tycoon?"
"3G9UA71JVVF6RUN7S71A37N476W7JR","3R9DAV8FBHY6ITO5LJRA3TAI12QQLX","Write a conversational response about a video game based on its given attributes and context (type: recommend; attributes: 2)","Produce a dialogic utterance given specific attributes about a video game, such as its name, genre and available platforms","dialog, video game, attributes, writing, entertainment, chat, conversation, creative","$0.07","Mon Apr 22 21:17:28 PDT 2019","2","BatchId:3617115;OriginalHitTemplateId:920937336;","3600","1296000","Tue Apr 23 21:17:28 PDT 2019","","","3TDXMTX3CCGUE3NQHHGK9C4YKP66IP","A1MW021IG07IMF","Approved","Mon Apr 22 23:23:48 PDT 2019","Mon Apr 22 23:25:00 PDT 2019","Tue May 07 23:25:00 PDT 2019","Fri May 03 19:35:26 PDT 2019","","","72","100% (184/184)","100% (184/184)","100% (64/64)","<b>Transport Tycoon</b>","","","Developer: <b>Chris Sawyer</b>","","","","","","","","","","","Since you play games developed by Chris Sawyer, I wonder, have you played Transport Tycoon?"
"3T8DUCXY0NR4JG75JYDYJ91J0YB9TA","3R9DAV8FBHY6ITO5LJRA3TAI12QQLX","Write a conversational response about a video game based on its given attributes and context (type: recommend; attributes: 2)","Produce a dialogic utterance given specific attributes about a video game, such as its name, genre and available platforms","dialog, video game, attributes, writing, entertainment, chat, conversation, creative","$0.07","Mon Apr 22 21:17:28 PDT 2019","2","BatchId:3617115;OriginalHitTemplateId:920937336;","3600","1296000","Tue Apr 23 21:17:28 PDT 2019","","","3D8YOU6S9F6ZNUIQBY5YSFS9ETPU6Z","A1ELPYAFO7MANS","Approved","Tue Apr 23 11:00:57 PDT 2019","Tue Apr 23 11:01:30 PDT 2019","Wed May 08 11:01:30 PDT 2019","Fri May 03 19:35:26 PDT 2019","","","33","100% (75/75)","100% (75/75)","100% (48/48)","<b>Transport Tycoon</b>","","","","","","","","","","Available on Steam: <b>no</b>","","","","I know you like games you can get on Steam, but I wonder if you've tried Transport Tycoon anyway?"
"3T8DUCXY0NR4JG75JYDYJ91J0YB9TA","3R9DAV8FBHY6ITO5LJRA3TAI12QQLX","Write a conversational response about a video game based on its given attributes and context (type: recommend; attributes: 2)","Produce a dialogic utterance given specific attributes about a video game, such as its name, genre and available platforms","dialog, video game, attributes, writing, entertainment, chat, conversation, creative","$0.07","Mon Apr 22 21:17:28 PDT 2019","2","BatchId:3617115;OriginalHitTemplateId:920937336;","3600","1296000","Tue Apr 23 21:17:28 PDT 2019","","","3FDJT1UU75UP1UD0C1RRUM5BGYJ5KI","A1MW021IG07IMF","Approved","Mon Apr 22 23:21:46 PDT 2019","Mon Apr 22 23:22:38 PDT 2019","Tue May 07 23:22:38 PDT 2019","Fri May 03 19:35:27 PDT 2019","","","52","100% (184/184)","100% (184/184)","100% (64/64)","<b>Transport Tycoon</b>","","","","","","","","","","Available on Steam: <b>no</b>","","","","And speaking of games that actually don't have a Steam version, are you familiar with Transport Tycoon?"
"3T2HW4QDUVSNXZ5UXCI8UZ1FCCBC9U","3R9DAV8FBHY6ITO5LJRA3TAI12QQLX","Write a conversational response about a video game based on its given attributes and context (type: recommend; attributes: 2)","Produce a dialogic utterance given specific attributes about a video game, such as its name, genre and available platforms","dialog, video game, attributes, writing, entertainment, chat, conversation, creative","$0.07","Mon Apr 22 21:17:28 PDT 2019","2","BatchId:3617115;OriginalHitTemplateId:920937336;","3600","1296000","Thu Apr 25 21:32:24 PDT 2019","","","3NKQQ8O39ZRY83X5LLDCYL21V5NDU1","A1ELPYAFO7MANS","Approved","Mon Apr 22 21:26:22 PDT 2019","Mon Apr 22 21:28:27 PDT 2019","Tue May 07 21:28:27 PDT 2019","Fri May 03 19:35:27 PDT 2019","","","125","100% (75/75)","100% (75/75)","100% (48/48)","<b>Transport Tycoon</b>","Year: <b>1994</b>","","","","","","","","","","","","","I think you might like the 1994 game Transport Tycoon; have you ever heard of it?"
"3T2HW4QDUVSNXZ5UXCI8UZ1FCCBC9U","3R9DAV8FBHY6ITO5LJRA3TAI12QQLX","Write a conversational response about a video game based on its given attributes and context (type: recommend; attributes: 2)","Produce a dialogic utterance given specific attributes about a video game, such as its name, genre and available platforms","dialog, video game, attributes, writing, entertainment, chat, conversation, creative","$0.07","Mon Apr 22 21:17:28 PDT 2019","2","BatchId:3617115;OriginalHitTemplateId:920937336;","3600","1296000","Thu Apr 25 21:32:24 PDT 2019","","","3RSDURM96B8KHIVARHLL7OQZRTXEY3","A2ITJNPW1LDUN7","Approved","Thu Apr 25 05:33:22 PDT 2019","Thu Apr 25 05:33:49 PDT 2019","Fri May 10 05:33:49 PDT 2019","Fri May 03 19:35:27 PDT 2019","","","27","100% (83/83)","100% (83/83)","100% (82/82)","<b>Transport Tycoon</b>","Year: <b>1994</b>","","","","","","","","","","","","","I know older games are pretty hit or miss, but 1994's Transport Tycoon is great, and I think you'd lov eit"
"3G9UA71JVVF6RUN7S71A37N476WJ73","3R9DAV8FBHY6ITO5LJRA3TAI12QQLX","Write a conversational response about a video game based on its given attributes and context (type: recommend; attributes: 2)","Produce a dialogic utterance given specific attributes about a video game, such as its name, genre and available platforms","dialog, video game, attributes, writing, entertainment, chat, conversation, creative","$0.07","Mon Apr 22 21:17:28 PDT 2019","2","BatchId:3617115;OriginalHitTemplateId:920937336;","3600","1296000","Thu Apr 25 21:32:25 PDT 2019","","","3E4GGUZ1T9DX2XUDUIPTWF2ZWXQK2C","A1ELPYAFO7MANS","Approved","Tue Apr 23 11:05:30 PDT 2019","Tue Apr 23 11:07:57 PDT 2019","Wed May 08 11:07:57 PDT 2019","Fri May 03 19:35:27 PDT 2019","","","147","100% (75/75)","100% (75/75)","100% (48/48)","<b>Transport Tycoon</b>","","","","","","","","Has multiplayer: <b>no</b>","","","","","","I know you aren't into multiplayer games. Have you heard of the single player game Transport Tycoon?"
"3G9UA71JVVF6RUN7S71A37N476WJ73","3R9DAV8FBHY6ITO5LJRA3TAI12QQLX","Write a conversational response about a video game based on its given attributes and context (type: recommend; attributes: 2)","Produce a dialogic utterance given specific attributes about a video game, such as its name, genre and available platforms","dialog, video game, attributes, writing, entertainment, chat, conversation, creative","$0.07","Mon Apr 22 21:17:28 PDT 2019","2","BatchId:3617115;OriginalHitTemplateId:920937336;","3600","1296000","Thu Apr 25 21:32:25 PDT 2019","","","3EJPLAJKEN2G9TC0HL46977OGQM6ZC","A2ITJNPW1LDUN7","Approved","Thu Apr 25 07:51:37 PDT 2019","Thu Apr 25 07:51:57 PDT 2019","Fri May 10 07:51:57 PDT 2019","Fri May 03 19:35:27 PDT 2019","","","20","100% (83/83)","100% (83/83)","100% (82/82)","<b>Transport Tycoon</b>","","","","","","","","Has multiplayer: <b>no</b>","","","","","","i know you usually play multiplayer games, but even without that, Transport Tycoon is great. you should play it."
"3BPP3MA3TC5XVZQHI0RTPWSDXI5ELM","3R9DAV8FBHY6ITO5LJRA3TAI12QQLX","Write a conversational response about a video game based on its given attributes and context (type: recommend; attributes: 2)","Produce a dialogic utterance given specific attributes about a video game, such as its name, genre and available platforms","dialog, video game, attributes, writing, entertainment, chat, conversation, creative","$0.07","Mon Apr 22 21:17:28 PDT 2019","2","BatchId:3617115;OriginalHitTemplateId:920937336;","3600","1296000","Thu Apr 25 21:32:25 PDT 2019","","","36DSNE9QZ6KGYKD0ZVNE2D5PIDMJOI","A1ELPYAFO7MANS","Approved","Tue Apr 23 11:05:09 PDT 2019","Tue Apr 23 11:05:29 PDT 2019","Wed May 08 11:05:29 PDT 2019","Fri May 03 19:35:27 PDT 2019","","","20","100% (75/75)","100% (75/75)","100% (48/48)","<b>Madden NFL 15</b>","","","","","","Genres: <b>simulation, sport</b>","","","","","","","","I know you like simulation sports game. I wonder if you've heard of Madden NFL 15?"
"3BPP3MA3TC5XVZQHI0RTPWSDXI5ELM","3R9DAV8FBHY6ITO5LJRA3TAI12QQLX","Write a conversational response about a video game based on its given attributes and context (type: recommend; attributes: 2)","Produce a dialogic utterance given specific attributes about a video game, such as its name, genre and available platforms","dialog, video game, attributes, writing, entertainment, chat, conversation, creative","$0.07","Mon Apr 22 21:17:28 PDT 2019","2","BatchId:3617115;OriginalHitTemplateId:920937336;","3600","1296000","Thu Apr 25 21:32:25 PDT 2019","","","3KRVW3HTZO7LXKBE99HF2A77JARSMR","A2ITJNPW1LDUN7","Approved","Thu Apr 25 05:33:08 PDT 2019","Thu Apr 25 05:33:22 PDT 2019","Fri May 10 05:33:22 PDT 2019","Fri May 03 19:35:27 PDT 2019","","","14","100% (83/83)","100% (83/83)","100% (82/82)","<b>Madden NFL 15</b>","","","","","","Genres: <b>simulation, sport</b>","","","","","","","","I know you're a fan of sports simulation games, and lemme tell you, Madden NFL 15 is an exemplar of the genre."
"38XPGNCKHTLIZ25I7YHM3JEOBRD4VP","3R9DAV8FBHY6ITO5LJRA3TAI12QQLX","Write a conversational response about a video game based on its given attributes and context (type: recommend; attributes: 2)","Produce a dialogic utterance given specific attributes about a video game, such as its name, genre and available platforms","dialog, video game, attributes, writing, entertainment, chat, conversation, creative","$0.07","Mon Apr 22 21:17:28 PDT 2019","2","BatchId:3617115;OriginalHitTemplateId:920937336;","3600","1296000","Thu Apr 25 21:32:26 PDT 2019","","","3EWIJTFFVPTNKNZPJ9ACFWWFF28E00","A1ELPYAFO7MANS","Approved","Tue Apr 23 10:54:19 PDT 2019","Tue Apr 23 10:57:55 PDT 2019","Wed May 08 10:57:55 PDT 2019","Fri May 03 19:35:27 PDT 2019","","","216","100% (75/75)","100% (75/75)","100% (48/48)","<b>Madden NFL 15</b>","","","","","","","Player perspective: <b>third person</b>","","","","","","","Since you like third person perspective games, have you tried Madden NFL 15?"
"38XPGNCKHTLIZ25I7YHM3JEOBRD4VP","3R9DAV8FBHY6ITO5LJRA3TAI12QQLX","Write a conversational response about a video game based on its given attributes and context (type: recommend; attributes: 2)","Produce a dialogic utterance given specific attributes about a video game, such as its name, genre and available platforms","dialog, video game, attributes, writing, entertainment, chat, conversation, creative","$0.07","Mon Apr 22 21:17:28 PDT 2019","2","BatchId:3617115;OriginalHitTemplateId:920937336;","3600","1296000","Thu Apr 25 21:32:26 PDT 2019","","","3PXX5PX6LYKLEXLN1K5F3U27L5HABP","A2ITJNPW1LDUN7","Approved","Thu Apr 25 05:33:49 PDT 2019","Thu Apr 25 05:34:03 PDT 2019","Fri May 10 05:34:03 PDT 2019","Fri May 03 19:35:28 PDT 2019","","","14","100% (83/83)","100% (83/83)","100% (82/82)","<b>Madden NFL 15</b>","","","","","","","Player perspective: <b>third person</b>","","","","","","","if you're a fan of third person games you've gotta play Madden NFL 15 ."
"3XBXDSS888461ZHYD5HLDLDKDOGLX2","3R9DAV8FBHY6ITO5LJRA3TAI12QQLX","Write a conversational response about a video game based on its given attributes and context (type: recommend; attributes: 2)","Produce a dialogic utterance given specific attributes about a video game, such as its name, genre and available platforms","dialog, video game, attributes, writing, entertainment, chat, conversation, creative","$0.07","Mon Apr 22 21:17:28 PDT 2019","2","BatchId:3617115;OriginalHitTemplateId:920937336;","3600","1296000","Thu Apr 25 21:32:27 PDT 2019","","","31QTRG6Q2UZOE9K00V1W10P35MVPY3","A1ELPYAFO7MANS","Approved","Tue Apr 23 11:25:10 PDT 2019","Tue Apr 23 11:25:56 PDT 2019","Wed May 08 11:25:56 PDT 2019","Fri May 03 19:35:28 PDT 2019","","","46","100% (75/75)","100% (75/75)","100% (48/48)","<b>Madden NFL 15</b>","","","","","","","","","Platform: <b>PlayStation</b>","","","","","Since you got a Playstation last year, have you tried Madden NFL 15?"
"3XBXDSS888461ZHYD5HLDLDKDOGLX2","3R9DAV8FBHY6ITO5LJRA3TAI12QQLX","Write a conversational response about a video game based on its given attributes and context (type: recommend; attributes: 2)","Produce a dialogic utterance given specific attributes about a video game, such as its name, genre and available platforms","dialog, video game, attributes, writing, entertainment, chat, conversation, creative","$0.07","Mon Apr 22 21:17:28 PDT 2019","2","BatchId:3617115;OriginalHitTemplateId:920937336;","3600","1296000","Thu Apr 25 21:32:27 PDT 2019","","","3S0TNUHWKU40A6QSIIC72TKCY2S8DP","A2ITJNPW1LDUN7","Approved","Thu Apr 25 05:28:55 PDT 2019","Thu Apr 25 05:29:23 PDT 2019","Fri May 10 05:29:23 PDT 2019","Fri May 03 19:35:28 PDT 2019","","","28","100% (83/83)","100% (83/83)","100% (82/82)","<b>Madden NFL 15</b>","","","","","","","","","Platform: <b>PlayStation</b>","","","","","If you like PlayStation games, you should try out Madden NFL 15."
"3IV1AEQ4DRYAR8SQ2CTGH7JZIQ2J8Q","3R9DAV8FBHY6ITO5LJRA3TAI12QQLX","Write a conversational response about a video game based on its given attributes and context (type: recommend; attributes: 2)","Produce a dialogic utterance given specific attributes about a video game, such as its name, genre and available platforms","dialog, video game, attributes, writing, entertainment, chat, conversation, creative","$0.07","Mon Apr 22 21:17:28 PDT 2019","2","BatchId:3617115;OriginalHitTemplateId:920937336;","3600","1296000","Tue Apr 23 21:17:28 PDT 2019","","","3NVC2EB65RLH7KFD2X4POXM20QZ3Y1","A1ELPYAFO7MANS","Approved","Tue Apr 23 10:59:55 PDT 2019","Tue Apr 23 11:00:56 PDT 2019","Wed May 08 11:00:56 PDT 2019","Fri May 03 19:35:28 PDT 2019","","","61","100% (75/75)","100% (75/75)","100% (48/48)","<b>Madden NFL 15</b>","Year: <b>2014</b>","","","","","","","","","","","","","Speaking of cool stuff released in 2014, have you played Madden NFL 15?"
"3IV1AEQ4DRYAR8SQ2CTGH7JZIQ2J8Q","3R9DAV8FBHY6ITO5LJRA3TAI12QQLX","Write a conversational response about a video game based on its given attributes and context (type: recommend; attributes: 2)","Produce a dialogic utterance given specific attributes about a video game, such as its name, genre and available platforms","dialog, video game, attributes, writing, entertainment, chat, conversation, creative","$0.07","Mon Apr 22 21:17:28 PDT 2019","2","BatchId:3617115;OriginalHitTemplateId:920937336;","3600","1296000","Tue Apr 23 21:17:28 PDT 2019","","","3ZAK8W07I5049JWB99PHJEII1H6U0J","A1MW021IG07IMF","Approved","Mon Apr 22 23:22:39 PDT 2019","Mon Apr 22 23:23:48 PDT 2019","Tue May 07 23:23:48 PDT 2019","Fri May 03 19:35:28 PDT 2019","","","69","100% (184/184)","100% (184/184)","100% (64/64)","<b>Madden NFL 15</b>","Year: <b>2014</b>","","","","","","","","","","","","","And for yet another game that came out in 2014 that you might be interested in, have you ever heard of Madden NFL 15?"
"3FW4EL5A3L9ZZXSTFAEN8ZKFUFO22J","3R9DAV8FBHY6ITO5LJRA3TAI12QQLX","Write a conversational response about a video game based on its given attributes and context (type: recommend; attributes: 2)","Produce a dialogic utterance given specific attributes about a video game, such as its name, genre and available platforms","dialog, video game, attributes, writing, entertainment, chat, conversation, creative","$0.07","Mon Apr 22 21:17:28 PDT 2019","2","BatchId:3617115;OriginalHitTemplateId:920937336;","3600","1296000","Sat May 04 00:32:19 PDT 2019","","","3XC1O3LBOT826268YXLQC2O4LOFTLF","A2ITJNPW1LDUN7","Approved","Thu Apr 25 05:31:27 PDT 2019","Thu Apr 25 05:32:17 PDT 2019","Fri May 10 05:32:17 PDT 2019","Fri May 03 19:35:28 PDT 2019","","","50","100% (83/83)","100% (83/83)","100% (82/82)","<b>Madden NFL 15</b>","","","Developer: <b>EA Tiburon</b>","","","","","","","","","","","I know you haven't had a good experience with EA Tiburon, but you should give Madden NFL 15 a shot."
"3FW4EL5A3L9ZZXSTFAEN8ZKFUFO22J","3R9DAV8FBHY6ITO5LJRA3TAI12QQLX","Write a conversational response about a video game based on its given attributes and context (type: recommend; attributes: 2)","Produce a dialogic utterance given specific attributes about a video game, such as its name, genre and available platforms","dialog, video game, attributes, writing, entertainment, chat, conversation, creative","$0.07","Mon Apr 22 21:17:28 PDT 2019","2","BatchId:3617115;OriginalHitTemplateId:920937336;","3600","1296000","Sat May 04 00:32:19 PDT 2019","","","3ZV9H2YQQETDIFKDNWM1301MRMC3WP","A1MW021IG07IMF","Approved","Fri May 03 19:18:13 PDT 2019","Fri May 03 19:18:55 PDT 2019","Sat May 18 19:18:55 PDT 2019","Fri May 03 19:35:28 PDT 2019","","","42","100% (184/184)","100% (184/184)","100% (64/64)","<b>Madden NFL 15</b>","","","Developer: <b>EA Tiburon</b>","","","","","","","","","","","So while we're on the subject of the games made by EA Tiburon, have you played Madden NFL 15?"
"3S37Y8CWI8LVER5NX8MIPLX2I0F4WZ","3R9DAV8FBHY6ITO5LJRA3TAI12QQLX","Write a conversational response about a video game based on its given attributes and context (type: recommend; attributes: 2)","Produce a dialogic utterance given specific attributes about a video game, such as its name, genre and available platforms","dialog, video game, attributes, writing, entertainment, chat, conversation, creative","$0.07","Mon Apr 22 21:17:28 PDT 2019","2","BatchId:3617115;OriginalHitTemplateId:920937336;","3600","1296000","Thu Apr 25 21:32:28 PDT 2019","","","3X3OR7WPZ0MJ8IEKVZAVL6SH7C4L8U","A2ITJNPW1LDUN7","Approved","Thu Apr 25 07:52:15 PDT 2019","Thu Apr 25 07:52:24 PDT 2019","Fri May 10 07:52:24 PDT 2019","Fri May 03 19:35:29 PDT 2019","","","9","100% (83/83)","100% (83/83)","100% (82/82)","<b>NBA 2K16</b>","","","","","","","","Has multiplayer: <b>yes</b>","","","","","","If you're into multiplayer games, you should pick up NBA 2K16 ."
"3S37Y8CWI8LVER5NX8MIPLX2I0F4WZ","3R9DAV8FBHY6ITO5LJRA3TAI12QQLX","Write a conversational response about a video game based on its given attributes and context (type: recommend; attributes: 2)","Produce a dialogic utterance given specific attributes about a video game, such as its name, genre and available platforms","dialog, video game, attributes, writing, entertainment, chat, conversation, creative","$0.07","Mon Apr 22 21:17:28 PDT 2019","2","BatchId:3617115;OriginalHitTemplateId:920937336;","3600","1296000","Thu Apr 25 21:32:28 PDT 2019","","","3YMU66OBIOUWF11CNC7LLRG8EZUGHQ","A1ELPYAFO7MANS","Approved","Tue Apr 23 11:18:44 PDT 2019","Tue Apr 23 11:19:06 PDT 2019","Wed May 08 11:19:06 PDT 2019","Fri May 03 19:35:29 PDT 2019","","","22","100% (75/75)","100% (75/75)","100% (48/48)","<b>NBA 2K16</b>","","","","","","","","Has multiplayer: <b>yes</b>","","","","","","I know you love to play multiplayer games with you friends. Have you guys tried NBA 2K16?"
"3UZUVSO3P7GH1H82ICS8P972XNVEMO","3R9DAV8FBHY6ITO5LJRA3TAI12QQLX","Write a conversational response about a video game based on its given attributes and context (type: recommend; attributes: 2)","Produce a dialogic utterance given specific attributes about a video game, such as its name, genre and available platforms","dialog, video game, attributes, writing, entertainment, chat, conversation, creative","$0.07","Mon Apr 22 21:17:28 PDT 2019","2","BatchId:3617115;OriginalHitTemplateId:920937336;","3600","1296000","Thu Apr 25 21:32:28 PDT 2019","","","33TIN5LC05W3MM4TJ65ZFAPO0XQY9O","A2ITJNPW1LDUN7","Approved","Thu Apr 25 07:52:34 PDT 2019","Thu Apr 25 07:52:43 PDT 2019","Fri May 10 07:52:43 PDT 2019","Fri May 03 19:35:29 PDT 2019","","","9","100% (83/83)","100% (83/83)","100% (82/82)","<b>NBA 2K16</b>","","","","","","","Player perspective: <b>third person</b>","","","","","","","Since you're into third person games I bet you'd love NBA 2K16 ."
"3UZUVSO3P7GH1H82ICS8P972XNVEMO","3R9DAV8FBHY6ITO5LJRA3TAI12QQLX","Write a conversational response about a video game based on its given attributes and context (type: recommend; attributes: 2)","Produce a dialogic utterance given specific attributes about a video game, such as its name, genre and available platforms","dialog, video game, attributes, writing, entertainment, chat, conversation, creative","$0.07","Mon Apr 22 21:17:28 PDT 2019","2","BatchId:3617115;OriginalHitTemplateId:920937336;","3600","1296000","Thu Apr 25 21:32:28 PDT 2019","","","3TR2532VIQGQ9E7WZZ1KLDJYX34J6L","A1ELPYAFO7MANS","Approved","Mon Apr 22 21:29:56 PDT 2019","Mon Apr 22 21:30:20 PDT 2019","Tue May 07 21:30:20 PDT 2019","Fri May 03 19:35:29 PDT 2019","","","24","100% (75/75)","100% (75/75)","100% (48/48)","<b>NBA 2K16</b>","","","","","","","Player perspective: <b>third person</b>","","","","","","","I know you like third person games; have you tried NBA 2K16?"
"344M16OZKI0NJZT2UD782OW22D5ENO","3R9DAV8FBHY6ITO5LJRA3TAI12QQLX","Write a conversational response about a video game based on its given attributes and context (type: recommend; attributes: 2)","Produce a dialogic utterance given specific attributes about a video game, such as its name, genre and available platforms","dialog, video game, attributes, writing, entertainment, chat, conversation, creative","$0.07","Mon Apr 22 21:17:28 PDT 2019","2","BatchId:3617115;OriginalHitTemplateId:920937336;","3600","1296000","Thu Apr 25 21:32:29 PDT 2019","","","3KWTYT0871P0L0VIX13S9MIQ5LU5L1","A2ITJNPW1LDUN7","Approved","Thu Apr 25 05:34:04 PDT 2019","Thu Apr 25 05:42:46 PDT 2019","Fri May 10 05:42:46 PDT 2019","Fri May 03 19:35:29 PDT 2019","","","522","100% (83/83)","100% (83/83)","100% (82/82)","<b>NBA 2K16</b>","","","Developer: <b>Visual Concepts</b>","","","","","","","","","","","If you're a fan of Visual concepts, you gotta try out NBA 2K16."
"344M16OZKI0NJZT2UD782OW22D5ENO","3R9DAV8FBHY6ITO5LJRA3TAI12QQLX","Write a conversational response about a video game based on its given attributes and context (type: recommend; attributes: 2)","Produce a dialogic utterance given specific attributes about a video game, such as its name, genre and available platforms","dialog, video game, attributes, writing, entertainment, chat, conversation, creative","$0.07","Mon Apr 22 21:17:28 PDT 2019","2","BatchId:3617115;OriginalHitTemplateId:920937336;","3600","1296000","Thu Apr 25 21:32:29 PDT 2019","","","3ZQIG0FLQF2XUOMW76S7MVT5G2XWVX","A1ELPYAFO7MANS","Approved","Tue Apr 23 11:29:50 PDT 2019","Tue Apr 23 11:31:00 PDT 2019","Wed May 08 11:31:00 PDT 2019","Fri May 03 19:35:29 PDT 2019","","","70","100% (75/75)","100% (75/75)","100% (48/48)","<b>NBA 2K16</b>","","","Developer: <b>Visual Concepts</b>","","","","","","","","","","","I know Visual Concepts is one of your favorite Developers. Have you tried NBA 2K16 yet?"
"3ZRKL6Z1E8OIJQHY84EI1LRK2SSGSJ","3R9DAV8FBHY6ITO5LJRA3TAI12QQLX","Write a conversational response about a video game based on its given attributes and context (type: recommend; attributes: 2)","Produce a dialogic utterance given specific attributes about a video game, such as its name, genre and available platforms","dialog, video game, attributes, writing, entertainment, chat, conversation, creative","$0.07","Mon Apr 22 21:17:28 PDT 2019","2","BatchId:3617115;OriginalHitTemplateId:920937336;","3600","1296000","Thu Apr 25 21:32:30 PDT 2019","","","30H4UDGLT34OKSVMHSDL752WWK6PMI","A1ELPYAFO7MANS","Approved","Wed Apr 24 13:43:08 PDT 2019","Wed Apr 24 13:45:58 PDT 2019","Thu May 09 13:45:58 PDT 2019","Fri May 03 19:35:29 PDT 2019","","","170","100% (75/75)","100% (75/75)","100% (48/48)","<b>NBA 2K16</b>","","","","","","","","","","Available on Steam: <b>yes</b>","","","","Since you get most of your games on Steam, have you tried NBA 2K16?"
"3ZRKL6Z1E8OIJQHY84EI1LRK2SSGSJ","3R9DAV8FBHY6ITO5LJRA3TAI12QQLX","Write a conversational response about a video game based on its given attributes and context (type: recommend; attributes: 2)","Produce a dialogic utterance given specific attributes about a video game, such as its name, genre and available platforms","dialog, video game, attributes, writing, entertainment, chat, conversation, creative","$0.07","Mon Apr 22 21:17:28 PDT 2019","2","BatchId:3617115;OriginalHitTemplateId:920937336;","3600","1296000","Thu Apr 25 21:32:30 PDT 2019","","","3Z2R0DQ0JI0UGX23YWEQYKPUCFAE2W","A2ITJNPW1LDUN7","Approved","Thu Apr 25 07:50:42 PDT 2019","Thu Apr 25 07:50:52 PDT 2019","Fri May 10 07:50:52 PDT 2019","Fri May 03 19:35:29 PDT 2019","","","10","100% (83/83)","100% (83/83)","100% (82/82)","<b>NBA 2K16</b>","","","","","","","","","","Available on Steam: <b>yes</b>","","","","Speaking of steam games, have you got NBA 2K16 yet?"
"3UEDKCTP9VB12ETPAS1M4MNHMVW7KQ","3R9DAV8FBHY6ITO5LJRA3TAI12QQLX","Write a conversational response about a video game based on its given attributes and context (type: recommend; attributes: 2)","Produce a dialogic utterance given specific attributes about a video game, such as its name, genre and available platforms","dialog, video game, attributes, writing, entertainment, chat, conversation, creative","$0.07","Mon Apr 22 21:17:28 PDT 2019","2","BatchId:3617115;OriginalHitTemplateId:920937336;","3600","1296000","Tue Apr 23 21:17:28 PDT 2019","","","3P529IW9KZ7SNXO73DG1VY93U10LF0","A1ELPYAFO7MANS","Approved","Tue Apr 23 11:03:36 PDT 2019","Tue Apr 23 11:04:48 PDT 2019","Wed May 08 11:04:48 PDT 2019","Fri May 03 19:35:29 PDT 2019","","","72","100% (75/75)","100% (75/75)","100% (48/48)","<b>NBA 2K16</b>","Year: <b>2015</b>","","","","","","","","","","","","","Since you like slightly older games, have you tried NBA 2K16, which was released in 2015?"
"3UEDKCTP9VB12ETPAS1M4MNHMVW7KQ","3R9DAV8FBHY6ITO5LJRA3TAI12QQLX","Write a conversational response about a video game based on its given attributes and context (type: recommend; attributes: 2)","Produce a dialogic utterance given specific attributes about a video game, such as its name, genre and available platforms","dialog, video game, attributes, writing, entertainment, chat, conversation, creative","$0.07","Mon Apr 22 21:17:28 PDT 2019","2","BatchId:3617115;OriginalHitTemplateId:920937336;","3600","1296000","Tue Apr 23 21:17:28 PDT 2019","","","3TXWC2NHN0C6Q0SKK0DAXO1NJOHS9F","A1MW021IG07IMF","Approved","Mon Apr 22 23:25:56 PDT 2019","Mon Apr 22 23:26:46 PDT 2019","Tue May 07 23:26:46 PDT 2019","Fri May 03 19:35:30 PDT 2019","","","50","100% (184/184)","100% (184/184)","100% (64/64)","<b>NBA 2K16</b>","Year: <b>2015</b>","","","","","","","","","","","","","While we're talking about games released in 2015, have you ever played NBA 2K16?"
"302OLP89DZS12IFZPIW8QUCZIUTCA9","3R9DAV8FBHY6ITO5LJRA3TAI12QQLX","Write a conversational response about a video game based on its given attributes and context (type: recommend; attributes: 2)","Produce a dialogic utterance given specific attributes about a video game, such as its name, genre and available platforms","dialog, video game, attributes, writing, entertainment, chat, conversation, creative","$0.07","Mon Apr 22 21:17:28 PDT 2019","2","BatchId:3617115;OriginalHitTemplateId:920937336;","3600","1296000","Thu Apr 25 21:32:30 PDT 2019","","","3570Y55XZQ5I1WR1XCB97RBB4V3YG3","A1ELPYAFO7MANS","Approved","Tue Apr 23 10:59:35 PDT 2019","Tue Apr 23 10:59:54 PDT 2019","Wed May 08 10:59:54 PDT 2019","Fri May 03 19:35:30 PDT 2019","","","19","100% (75/75)","100% (75/75)","100% (48/48)","<b>Sid Meier's Civilization V</b>","Year: <b>2010</b>","","","","","","","","","","","","","Speaking of games released in 2010, have you heard of Sid Meier's Civilization V?"
"302OLP89DZS12IFZPIW8QUCZIUTCA9","3R9DAV8FBHY6ITO5LJRA3TAI12QQLX","Write a conversational response about a video game based on its given attributes and context (type: recommend; attributes: 2)","Produce a dialogic utterance given specific attributes about a video game, such as its name, genre and available platforms","dialog, video game, attributes, writing, entertainment, chat, conversation, creative","$0.07","Mon Apr 22 21:17:28 PDT 2019","2","BatchId:3617115;OriginalHitTemplateId:920937336;","3600","1296000","Thu Apr 25 21:32:30 PDT 2019","","","3Z4XG4ZF49DE8CV99IDJW0N4EKQ8XD","A2ITJNPW1LDUN7","Approved","Thu Apr 25 07:02:59 PDT 2019","Thu Apr 25 07:03:17 PDT 2019","Fri May 10 07:03:17 PDT 2019","Fri May 03 19:35:30 PDT 2019","","","18","100% (83/83)","100% (83/83)","100% (82/82)","<b>Sid Meier's Civilization V</b>","Year: <b>2010</b>","","","","","","","","","","","","","Speaking of the turn of the decade, you ever try you Sid Meier's Civilization V ? It's a helluva game"
"3FTID4TN8LJV1478I13NWZKTFUALY8","3R9DAV8FBHY6ITO5LJRA3TAI12QQLX","Write a conversational response about a video game based on its given attributes and context (type: recommend; attributes: 2)","Produce a dialogic utterance given specific attributes about a video game, such as its name, genre and available platforms","dialog, video game, attributes, writing, entertainment, chat, conversation, creative","$0.07","Mon Apr 22 21:17:28 PDT 2019","2","BatchId:3617115;OriginalHitTemplateId:920937336;","3600","1296000","Thu Apr 25 21:32:31 PDT 2019","","","3M23Y66PO3TJ8HQMMTAYDEALTACS6H","A2ITJNPW1LDUN7","Approved","Thu Apr 25 05:32:29 PDT 2019","Thu Apr 25 05:32:44 PDT 2019","Fri May 10 05:32:44 PDT 2019","Fri May 03 19:35:30 PDT 2019","","","15","100% (83/83)","100% (83/83)","100% (82/82)","<b>Sid Meier's Civilization V</b>","","","","","","","","","","","","Has a Mac release: <b>yes</b>","","I know there's not many mac games out there, but a solid one is Need for Speed: The Run ."
"3FTID4TN8LJV1478I13NWZKTFUALY8","3R9DAV8FBHY6ITO5LJRA3TAI12QQLX","Write a conversational response about a video game based on its given attributes and context (type: recommend; attributes: 2)","Produce a dialogic utterance given specific attributes about a video game, such as its name, genre and available platforms","dialog, video game, attributes, writing, entertainment, chat, conversation, creative","$0.07","Mon Apr 22 21:17:28 PDT 2019","2","BatchId:3617115;OriginalHitTemplateId:920937336;","3600","1296000","Thu Apr 25 21:32:31 PDT 2019","","","3TE3O85731UJP178K2YQXRODRPKR2C","A1ELPYAFO7MANS","Approved","Tue Apr 23 11:04:48 PDT 2019","Tue Apr 23 11:05:08 PDT 2019","Wed May 08 11:05:08 PDT 2019","Fri May 03 19:35:30 PDT 2019","","","20","100% (75/75)","100% (75/75)","100% (48/48)","<b>Sid Meier's Civilization V</b>","","","","","","","","","","","","Has a Mac release: <b>yes</b>","","Speaking of games released for Mac, have you heard of Sid Meier's Civilization V."
"39WSF6KUV2651KTEVS7LHDW7SNAEO3","3R9DAV8FBHY6ITO5LJRA3TAI12QQLX","Write a conversational response about a video game based on its given attributes and context (type: recommend; attributes: 2)","Produce a dialogic utterance given specific attributes about a video game, such as its name, genre and available platforms","dialog, video game, attributes, writing, entertainment, chat, conversation, creative","$0.07","Mon Apr 22 21:17:28 PDT 2019","2","BatchId:3617115;OriginalHitTemplateId:920937336;","3600","1296000","Thu Apr 25 21:32:31 PDT 2019","","","3R2UR8A0IB2HT4IPGZ2FTMD4T1DOX3","A1ELPYAFO7MANS","Approved","Mon Apr 22 21:29:24 PDT 2019","Mon Apr 22 21:29:55 PDT 2019","Tue May 07 21:29:55 PDT 2019","Fri May 03 19:35:30 PDT 2019","","","31","100% (75/75)","100% (75/75)","100% (48/48)","<b>Sid Meier's Civilization V</b>","","","Developer: <b>Firaxis Games</b>","","","","","","","","","","","Since you like games developed by Firaxis games, have you played Sid Meier's Civilization V before?"
"39WSF6KUV2651KTEVS7LHDW7SNAEO3","3R9DAV8FBHY6ITO5LJRA3TAI12QQLX","Write a conversational response about a video game based on its given attributes and context (type: recommend; attributes: 2)","Produce a dialogic utterance given specific attributes about a video game, such as its name, genre and available platforms","dialog, video game, attributes, writing, entertainment, chat, conversation, creative","$0.07","Mon Apr 22 21:17:28 PDT 2019","2","BatchId:3617115;OriginalHitTemplateId:920937336;","3600","1296000","Thu Apr 25 21:32:31 PDT 2019","","","3ZAZR5XV0245PAL1RCH9V7ZYCBPZCN","A2ITJNPW1LDUN7","Approved","Thu Apr 25 05:43:03 PDT 2019","Thu Apr 25 05:43:18 PDT 2019","Fri May 10 05:43:18 PDT 2019","Fri May 03 19:35:30 PDT 2019","","","15","100% (83/83)","100% (83/83)","100% (82/82)","<b>Sid Meier's Civilization V</b>","","","Developer: <b>Firaxis Games</b>","","","","","","","","","","","Hey,  I know firaxis games doesn't have the strongest reputation, but Sid Meier's Civilization V is worth a try."
"3VMV5CHJZ80JYQUDX4J8BQN64B6GT8","3R9DAV8FBHY6ITO5LJRA3TAI12QQLX","Write a conversational response about a video game based on its given attributes and context (type: recommend; attributes: 2)","Produce a dialogic utterance given specific attributes about a video game, such as its name, genre and available platforms","dialog, video game, attributes, writing, entertainment, chat, conversation, creative","$0.07","Mon Apr 22 21:17:28 PDT 2019","2","BatchId:3617115;OriginalHitTemplateId:920937336;","3600","1296000","Thu Apr 25 21:32:32 PDT 2019","","","39K0FND3AI1HXOPKS9VOHAD1X45AMY","A2ITJNPW1LDUN7","Approved","Thu Apr 25 07:00:39 PDT 2019","Thu Apr 25 07:02:25 PDT 2019","Fri May 10 07:02:25 PDT 2019","Fri May 03 19:35:30 PDT 2019","","","106","100% (83/83)","100% (83/83)","100% (82/82)","<b>Sid Meier's Civilization V</b>","","","","","","","Player perspective: <b>bird view</b>","","","","","","","Since you like bird view games, have you tried out Sid Meier's Civilization V ?"
"3VMV5CHJZ80JYQUDX4J8BQN64B6GT8","3R9DAV8FBHY6ITO5LJRA3TAI12QQLX","Write a conversational response about a video game based on its given attributes and context (type: recommend; attributes: 2)","Produce a dialogic utterance given specific attributes about a video game, such as its name, genre and available platforms","dialog, video game, attributes, writing, entertainment, chat, conversation, creative","$0.07","Mon Apr 22 21:17:28 PDT 2019","2","BatchId:3617115;OriginalHitTemplateId:920937336;","3600","1296000","Thu Apr 25 21:32:32 PDT 2019","","","3DUZQ9U6SNA4N75NN1I6P6QKAPTVS9","A1ELPYAFO7MANS","Approved","Tue Apr 23 10:49:42 PDT 2019","Tue Apr 23 10:50:20 PDT 2019","Wed May 08 10:50:20 PDT 2019","Fri May 03 19:35:31 PDT 2019","","","38","100% (75/75)","100% (75/75)","100% (48/48)","<b>Sid Meier's Civilization V</b>","","","","","","","Player perspective: <b>bird view</b>","","","","","","","Since you like bird view perspective games, have you tried Sid Meier's Civilization V?"
"3XEIP58NL08V6UHDEN56A6TVLOELZZ","3R9DAV8FBHY6ITO5LJRA3TAI12QQLX","Write a conversational response about a video game based on its given attributes and context (type: recommend; attributes: 2)","Produce a dialogic utterance given specific attributes about a video game, such as its name, genre and available platforms","dialog, video game, attributes, writing, entertainment, chat, conversation, creative","$0.07","Mon Apr 22 21:17:28 PDT 2019","2","BatchId:3617115;OriginalHitTemplateId:920937336;","3600","1296000","Thu Apr 25 21:32:33 PDT 2019","","","3GM6G9ZBKOJMCKOTY9M5CF3TLF0TMK","A1ELPYAFO7MANS","Approved","Tue Apr 23 11:15:00 PDT 2019","Tue Apr 23 11:15:29 PDT 2019","Wed May 08 11:15:29 PDT 2019","Fri May 03 19:35:31 PDT 2019","","","29","100% (75/75)","100% (75/75)","100% (48/48)","<b>Sid Meier's Civilization V</b>","","","","","","","","","","Available on Steam: <b>yes</b>","","","","I know you got some Steam credits for your birthday. Have you tried Sid Meier's Civilization V?"
"3XEIP58NL08V6UHDEN56A6TVLOELZZ","3R9DAV8FBHY6ITO5LJRA3TAI12QQLX","Write a conversational response about a video game based on its given attributes and context (type: recommend; attributes: 2)","Produce a dialogic utterance given specific attributes about a video game, such as its name, genre and available platforms","dialog, video game, attributes, writing, entertainment, chat, conversation, creative","$0.07","Mon Apr 22 21:17:28 PDT 2019","2","BatchId:3617115;OriginalHitTemplateId:920937336;","3600","1296000","Thu Apr 25 21:32:33 PDT 2019","","","3K5TEWLKGWXFTT2RIPOSL4KX16BVIV","A2ITJNPW1LDUN7","Approved","Thu Apr 25 07:52:24 PDT 2019","Thu Apr 25 07:52:34 PDT 2019","Fri May 10 07:52:34 PDT 2019","Fri May 03 19:35:31 PDT 2019","","","10","100% (83/83)","100% (83/83)","100% (82/82)","<b>Sid Meier's Civilization V</b>","","","","","","","","","","Available on Steam: <b>yes</b>","","","","If you like grabbing games on Steam, you should check out Sid Meier's Civilization V ."
"3L7SUC0TTUFIART8A5TT4K5Y3MLM0A","3R9DAV8FBHY6ITO5LJRA3TAI12QQLX","Write a conversational response about a video game based on its given attributes and context (type: recommend; attributes: 2)","Produce a dialogic utterance given specific attributes about a video game, such as its name, genre and available platforms","dialog, video game, attributes, writing, entertainment, chat, conversation, creative","$0.07","Mon Apr 22 21:17:28 PDT 2019","2","BatchId:3617115;OriginalHitTemplateId:920937336;","3600","1296000","Thu Apr 25 21:32:33 PDT 2019","","","3I2PTA7R3UGEUGWYWTFUSX02CTLQKT","A1ELPYAFO7MANS","Approved","Mon Apr 22 21:37:39 PDT 2019","Mon Apr 22 21:38:51 PDT 2019","Tue May 07 21:38:51 PDT 2019","Fri May 03 19:35:31 PDT 2019","","","72","100% (75/75)","100% (75/75)","100% (48/48)","<b>Never Alone</b>","","","","","","","","","Platform: <b>PlayStation</b>","","","","","I was thinking of trying Never Alone on PlayStation - have you tried it?"
"3L7SUC0TTUFIART8A5TT4K5Y3MLM0A","3R9DAV8FBHY6ITO5LJRA3TAI12QQLX","Write a conversational response about a video game based on its given attributes and context (type: recommend; attributes: 2)","Produce a dialogic utterance given specific attributes about a video game, such as its name, genre and available platforms","dialog, video game, attributes, writing, entertainment, chat, conversation, creative","$0.07","Mon Apr 22 21:17:28 PDT 2019","2","BatchId:3617115;OriginalHitTemplateId:920937336;","3600","1296000","Thu Apr 25 21:32:33 PDT 2019","","","3VELCLL3GL5FXQK3A3YIBJ0PW9O1FV","A2ITJNPW1LDUN7","Approved","Thu Apr 25 07:02:25 PDT 2019","Thu Apr 25 07:02:58 PDT 2019","Fri May 10 07:02:58 PDT 2019","Fri May 03 19:35:31 PDT 2019","","","33","100% (83/83)","100% (83/83)","100% (82/82)","<b>Never Alone</b>","","","","","","","","","Platform: <b>PlayStation</b>","","","","","Since you like PlayStation games, have you given Never Alone a try?"
"3ZLW647WALGOKFOCJASSR9P70TO23U","3R9DAV8FBHY6ITO5LJRA3TAI12QQLX","Write a conversational response about a video game based on its given attributes and context (type: recommend; attributes: 2)","Produce a dialogic utterance given specific attributes about a video game, such as its name, genre and available platforms","dialog, video game, attributes, writing, entertainment, chat, conversation, creative","$0.07","Mon Apr 22 21:17:28 PDT 2019","2","BatchId:3617115;OriginalHitTemplateId:920937336;","3600","1296000","Sat May 04 00:32:19 PDT 2019","","","32ZKVD547G9LUCM2S5Q5GMO1HLU3B9","A1MW021IG07IMF","Approved","Fri May 03 19:16:59 PDT 2019","Fri May 03 19:17:52 PDT 2019","Sat May 18 19:17:52 PDT 2019","Fri May 03 19:35:31 PDT 2019","","","53","100% (184/184)","100% (184/184)","100% (64/64)","<b>Never Alone</b>","","","","","","","Player perspective: <b>side view</b>","","","","","","","While we're on the subject of games played from a side view perspective, have you ever heard of Never Alone?"
"3ZLW647WALGOKFOCJASSR9P70TO23U","3R9DAV8FBHY6ITO5LJRA3TAI12QQLX","Write a conversational response about a video game based on its given attributes and context (type: recommend; attributes: 2)","Produce a dialogic utterance given specific attributes about a video game, such as its name, genre and available platforms","dialog, video game, attributes, writing, entertainment, chat, conversation, creative","$0.07","Mon Apr 22 21:17:28 PDT 2019","2","BatchId:3617115;OriginalHitTemplateId:920937336;","3600","1296000","Sat May 04 00:32:19 PDT 2019","","","3R6P78PK7LXMKAS7N6OAZAJWPTPTGD","A1ELPYAFO7MANS","Approved","Tue Apr 23 11:19:06 PDT 2019","Tue Apr 23 11:19:19 PDT 2019","Wed May 08 11:19:19 PDT 2019","Fri May 03 19:35:31 PDT 2019","","","13","100% (75/75)","100% (75/75)","100% (48/48)","<b>Never Alone</b>","","","","","","","Player perspective: <b>side view</b>","","","","","","","Since you like side view games, have you tried Never Alone?"
"309D674SHZ66LSKRVWW4L5W50CECB4","3R9DAV8FBHY6ITO5LJRA3TAI12QQLX","Write a conversational response about a video game based on its given attributes and context (type: recommend; attributes: 2)","Produce a dialogic utterance given specific attributes about a video game, such as its name, genre and available platforms","dialog, video game, attributes, writing, entertainment, chat, conversation, creative","$0.07","Mon Apr 22 21:17:28 PDT 2019","2","BatchId:3617115;OriginalHitTemplateId:920937336;","3600","1296000","Tue Apr 23 21:17:28 PDT 2019","","","3HMVI3QICKELXH1YFTQ604752XM1YQ","A1MW021IG07IMF","Approved","Mon Apr 22 23:19:41 PDT 2019","Mon Apr 22 23:20:14 PDT 2019","Tue May 07 23:20:14 PDT 2019","Fri May 03 19:35:31 PDT 2019","","","33","100% (184/184)","100% (184/184)","100% (64/64)","<b>Never Alone</b>","","","","ESRB content rating: <b>T (for Teen)</b>","","","","","","","","","","If you're looking for games with a T rating, well have you ever played Never Alone?"
"309D674SHZ66LSKRVWW4L5W50CECB4","3R9DAV8FBHY6ITO5LJRA3TAI12QQLX","Write a conversational response about a video game based on its given attributes and context (type: recommend; attributes: 2)","Produce a dialogic utterance given specific attributes about a video game, such as its name, genre and available platforms","dialog, video game, attributes, writing, entertainment, chat, conversation, creative","$0.07","Mon Apr 22 21:17:28 PDT 2019","2","BatchId:3617115;OriginalHitTemplateId:920937336;","3600","1296000","Tue Apr 23 21:17:28 PDT 2019","","","3HRMW88U17CLWBR207YVS41OO430MF","A1ELPYAFO7MANS","Approved","Tue Apr 23 11:12:08 PDT 2019","Tue Apr 23 11:13:53 PDT 2019","Wed May 08 11:13:53 PDT 2019","Fri May 03 19:35:32 PDT 2019","","","105","100% (75/75)","100% (75/75)","100% (48/48)","<b>Never Alone</b>","","","","ESRB content rating: <b>T (for Teen)</b>","","","","","","","","","","Since you need games rated T (for Teen) for your kids, have you thought about Never Alone?"
"3OEWW2KGQJW09EFEZXW1BVEMSB9ODK","3R9DAV8FBHY6ITO5LJRA3TAI12QQLX","Write a conversational response about a video game based on its given attributes and context (type: recommend; attributes: 2)","Produce a dialogic utterance given specific attributes about a video game, such as its name, genre and available platforms","dialog, video game, attributes, writing, entertainment, chat, conversation, creative","$0.07","Mon Apr 22 21:17:28 PDT 2019","2","BatchId:3617115;OriginalHitTemplateId:920937336;","3600","1296000","Tue Apr 23 21:17:28 PDT 2019","","","39DD6S19JQXKM85FN3N4LVZ1X1ZEZK","A1MW021IG07IMF","Approved","Mon Apr 22 23:28:54 PDT 2019","Mon Apr 22 23:29:31 PDT 2019","Tue May 07 23:29:31 PDT 2019","Fri May 03 19:35:32 PDT 2019","","","37","100% (184/184)","100% (184/184)","100% (64/64)","<b>Never Alone</b>","","","","","","Genres: <b>adventure, indie, platformer</b>","","","","","","","","If you like indie adventure platformers, have you ever played Never Alone?"
"3OEWW2KGQJW09EFEZXW1BVEMSB9ODK","3R9DAV8FBHY6ITO5LJRA3TAI12QQLX","Write a conversational response about a video game based on its given attributes and context (type: recommend; attributes: 2)","Produce a dialogic utterance given specific attributes about a video game, such as its name, genre and available platforms","dialog, video game, attributes, writing, entertainment, chat, conversation, creative","$0.07","Mon Apr 22 21:17:28 PDT 2019","2","BatchId:3617115;OriginalHitTemplateId:920937336;","3600","1296000","Tue Apr 23 21:17:28 PDT 2019","","","3H7Z272LX8T4EAD1HGC67SN7W7ILPY","A1ELPYAFO7MANS","Approved","Tue Apr 23 10:41:28 PDT 2019","Tue Apr 23 10:44:52 PDT 2019","Wed May 08 10:44:52 PDT 2019","Fri May 03 19:35:32 PDT 2019","","","204","100% (75/75)","100% (75/75)","100% (48/48)","<b>Never Alone</b>","","","","","","Genres: <b>adventure, indie, platformer</b>","","","","","","","","Speaking of adventure platformers, have you heard of the indie game Never Alone?"
"3421H3BM9A2A5DB074ZUH3EA2WKJ9F","3R9DAV8FBHY6ITO5LJRA3TAI12QQLX","Write a conversational response about a video game based on its given attributes and context (type: recommend; attributes: 2)","Produce a dialogic utterance given specific attributes about a video game, such as its name, genre and available platforms","dialog, video game, attributes, writing, entertainment, chat, conversation, creative","$0.07","Mon Apr 22 21:17:28 PDT 2019","2","BatchId:3617115;OriginalHitTemplateId:920937336;","3600","1296000","Tue Apr 23 21:17:28 PDT 2019","","","3ATTHHXXWBA7XI7MI4PA9PHIH26IXE","A1ELPYAFO7MANS","Approved","Tue Apr 23 11:22:28 PDT 2019","Tue Apr 23 11:25:09 PDT 2019","Wed May 08 11:25:09 PDT 2019","Fri May 03 19:35:32 PDT 2019","","","161","100% (75/75)","100% (75/75)","100% (48/48)","<b>Never Alone</b>","","","","","","","","Has multiplayer: <b>yes</b>","","","","","","Since you're looking for games to play with friends, have you tried the multiplayer game Never Alone?"
"3421H3BM9A2A5DB074ZUH3EA2WKJ9F","3R9DAV8FBHY6ITO5LJRA3TAI12QQLX","Write a conversational response about a video game based on its given attributes and context (type: recommend; attributes: 2)","Produce a dialogic utterance given specific attributes about a video game, such as its name, genre and available platforms","dialog, video game, attributes, writing, entertainment, chat, conversation, creative","$0.07","Mon Apr 22 21:17:28 PDT 2019","2","BatchId:3617115;OriginalHitTemplateId:920937336;","3600","1296000","Tue Apr 23 21:17:28 PDT 2019","","","3QY7M81QH884OYRJ0U6OS6J774RK7P","A1MW021IG07IMF","Approved","Mon Apr 22 22:44:06 PDT 2019","Mon Apr 22 22:45:02 PDT 2019","Tue May 07 22:45:02 PDT 2019","Fri May 03 19:35:32 PDT 2019","","","56","100% (184/184)","100% (184/184)","100% (64/64)","<b>Never Alone</b>","","","","","","","","Has multiplayer: <b>yes</b>","","","","","","If you're looking for a game with multiplayer, are you familiar with Never Alone?"
"3ODOP6T3AS592B7GJOXB1EHDETK24F","3R9DAV8FBHY6ITO5LJRA3TAI12QQLX","Write a conversational response about a video game based on its given attributes and context (type: recommend; attributes: 2)","Produce a dialogic utterance given specific attributes about a video game, such as its name, genre and available platforms","dialog, video game, attributes, writing, entertainment, chat, conversation, creative","$0.07","Mon Apr 22 21:17:28 PDT 2019","2","BatchId:3617115;OriginalHitTemplateId:920937336;","3600","1296000","Tue Apr 23 21:17:28 PDT 2019","","","3IO1LGZLKAJ1PXBD8V4TWNAKHT268I","A1MW021IG07IMF","Approved","Mon Apr 22 23:25:00 PDT 2019","Mon Apr 22 23:25:55 PDT 2019","Tue May 07 23:25:55 PDT 2019","Fri May 03 19:35:32 PDT 2019","","","55","100% (184/184)","100% (184/184)","100% (64/64)","<b>Need for Speed: The Run</b>","","","","","","","","","Platform: <b>Xbox</b>","","","","","Since you play a lot of games for Xbox, I was wondering, have you played Need for Speed: The Run?"
"3ODOP6T3AS592B7GJOXB1EHDETK24F","3R9DAV8FBHY6ITO5LJRA3TAI12QQLX","Write a conversational response about a video game based on its given attributes and context (type: recommend; attributes: 2)","Produce a dialogic utterance given specific attributes about a video game, such as its name, genre and available platforms","dialog, video game, attributes, writing, entertainment, chat, conversation, creative","$0.07","Mon Apr 22 21:17:28 PDT 2019","2","BatchId:3617115;OriginalHitTemplateId:920937336;","3600","1296000","Tue Apr 23 21:17:28 PDT 2019","","","3M0NZ3JDP2KKQPCMC2U1H1TOKGV5ZL","A1ELPYAFO7MANS","Approved","Tue Apr 23 11:07:57 PDT 2019","Tue Apr 23 11:12:08 PDT 2019","Wed May 08 11:12:08 PDT 2019","Fri May 03 19:35:32 PDT 2019","","","251","100% (75/75)","100% (75/75)","100% (48/48)","<b>Need for Speed: The Run</b>","","","","","","","","","Platform: <b>Xbox</b>","","","","","Since you just got an Xbox, have you tried Need for Speed: The Run yet?"
"3OJX0UFJ0ZSJJTMUJ338O5NLJCI9U1","3R9DAV8FBHY6ITO5LJRA3TAI12QQLX","Write a conversational response about a video game based on its given attributes and context (type: recommend; attributes: 2)","Produce a dialogic utterance given specific attributes about a video game, such as its name, genre and available platforms","dialog, video game, attributes, writing, entertainment, chat, conversation, creative","$0.07","Mon Apr 22 21:17:28 PDT 2019","2","BatchId:3617115;OriginalHitTemplateId:920937336;","3600","1296000","Tue Apr 23 21:17:28 PDT 2019","","","3KJYX6QCMAXBO4MX079SX5ZXE6NVJ0","A1ELPYAFO7MANS","Approved","Tue Apr 23 11:25:56 PDT 2019","Tue Apr 23 11:26:12 PDT 2019","Wed May 08 11:26:12 PDT 2019","Fri May 03 19:35:33 PDT 2019","","","16","100% (75/75)","100% (75/75)","100% (48/48)","<b>Need for Speed: The Run</b>","","","","","","","","Has multiplayer: <b>yes</b>","","","","","","I know you're looking for multiplayer games. Have you checked out Need for Speed: The Run?"
"3OJX0UFJ0ZSJJTMUJ338O5NLJCI9U1","3R9DAV8FBHY6ITO5LJRA3TAI12QQLX","Write a conversational response about a video game based on its given attributes and context (type: recommend; attributes: 2)","Produce a dialogic utterance given specific attributes about a video game, such as its name, genre and available platforms","dialog, video game, attributes, writing, entertainment, chat, conversation, creative","$0.07","Mon Apr 22 21:17:28 PDT 2019","2","BatchId:3617115;OriginalHitTemplateId:920937336;","3600","1296000","Tue Apr 23 21:17:28 PDT 2019","","","3WZ36BJEV42QTTKW7KWWYZSZ981TBK","A1MW021IG07IMF","Approved","Mon Apr 22 23:31:17 PDT 2019","Mon Apr 22 23:32:01 PDT 2019","Tue May 07 23:32:01 PDT 2019","Fri May 03 19:35:33 PDT 2019","","","44","100% (184/184)","100% (184/184)","100% (64/64)","<b>Need for Speed: The Run</b>","","","","","","","","Has multiplayer: <b>yes</b>","","","","","","You were mentioning games with multiplayer, have you heard about Need for Speed: The Run?"
"39WSF6KUV2651KTEVS7LHDW7SNAOED","3R9DAV8FBHY6ITO5LJRA3TAI12QQLX","Write a conversational response about a video game based on its given attributes and context (type: recommend; attributes: 2)","Produce a dialogic utterance given specific attributes about a video game, such as its name, genre and available platforms","dialog, video game, attributes, writing, entertainment, chat, conversation, creative","$0.07","Mon Apr 22 21:17:28 PDT 2019","2","BatchId:3617115;OriginalHitTemplateId:920937336;","3600","1296000","Thu Apr 25 21:32:34 PDT 2019","","","3FTYUGLFSV7HNO7QKK54Q9ALWYPD5Y","A1ELPYAFO7MANS","Approved","Tue Apr 23 11:26:12 PDT 2019","Tue Apr 23 11:29:50 PDT 2019","Wed May 08 11:29:50 PDT 2019","Fri May 03 19:35:33 PDT 2019","","","218","100% (75/75)","100% (75/75)","100% (48/48)","<b>Need for Speed: The Run</b>","","","","","","","Player perspective: <b>first person</b>","","","","","","","Since you like first person games, have you tried Need for Speed: The Run?"
"39WSF6KUV2651KTEVS7LHDW7SNAOED","3R9DAV8FBHY6ITO5LJRA3TAI12QQLX","Write a conversational response about a video game based on its given attributes and context (type: recommend; attributes: 2)","Produce a dialogic utterance given specific attributes about a video game, such as its name, genre and available platforms","dialog, video game, attributes, writing, entertainment, chat, conversation, creative","$0.07","Mon Apr 22 21:17:28 PDT 2019","2","BatchId:3617115;OriginalHitTemplateId:920937336;","3600","1296000","Thu Apr 25 21:32:34 PDT 2019","","","3GU1KF0O4JNS11RPQ3NCTPR2KRGPBJ","A2ITJNPW1LDUN7","Approved","Thu Apr 25 05:32:17 PDT 2019","Thu Apr 25 05:32:29 PDT 2019","Fri May 10 05:32:29 PDT 2019","Fri May 03 19:35:33 PDT 2019","","","12","100% (83/83)","100% (83/83)","100% (82/82)","<b>Need for Speed: The Run</b>","","","","","","","Player perspective: <b>first person</b>","","","","","","","Hey, since you lke first person games you should try out Need for Speed: The Run."
"3KTCJ4SCVGMIHGEQ6OXTIPO88ERM1D","3R9DAV8FBHY6ITO5LJRA3TAI12QQLX","Write a conversational response about a video game based on its given attributes and context (type: recommend; attributes: 2)","Produce a dialogic utterance given specific attributes about a video game, such as its name, genre and available platforms","dialog, video game, attributes, writing, entertainment, chat, conversation, creative","$0.07","Mon Apr 22 21:17:28 PDT 2019","2","BatchId:3617115;OriginalHitTemplateId:920937336;","3600","1296000","Tue Apr 23 21:17:28 PDT 2019","","","3CP1TO84PUNUKE9ANVLNUQJHZ7V52C","A1ELPYAFO7MANS","Approved","Tue Apr 23 11:01:30 PDT 2019","Tue Apr 23 11:03:05 PDT 2019","Wed May 08 11:03:05 PDT 2019","Fri May 03 19:35:33 PDT 2019","","","95","100% (75/75)","100% (75/75)","100% (48/48)","<b>Need for Speed: The Run</b>","","","","ESRB content rating: <b>T (for Teen)</b>","","","","","","","","","","Speaking of good games for your kids that are rated T (for Teen), have you checked out Need for Speed: The Run?"
"3KTCJ4SCVGMIHGEQ6OXTIPO88ERM1D","3R9DAV8FBHY6ITO5LJRA3TAI12QQLX","Write a conversational response about a video game based on its given attributes and context (type: recommend; attributes: 2)","Produce a dialogic utterance given specific attributes about a video game, such as its name, genre and available platforms","dialog, video game, attributes, writing, entertainment, chat, conversation, creative","$0.07","Mon Apr 22 21:17:28 PDT 2019","2","BatchId:3617115;OriginalHitTemplateId:920937336;","3600","1296000","Tue Apr 23 21:17:28 PDT 2019","","","3OCHAWUVGP6Y3DXAI7AMM5WV9X7XKY","A1MW021IG07IMF","Approved","Mon Apr 22 22:46:21 PDT 2019","Mon Apr 22 22:48:02 PDT 2019","Tue May 07 22:48:02 PDT 2019","Fri May 03 19:35:33 PDT 2019","","","101","100% (184/184)","100% (184/184)","100% (64/64)","<b>Need for Speed: The Run</b>","","","","ESRB content rating: <b>T (for Teen)</b>","","","","","","","","","","So you were talked about games with a T ESRB rating, so I wonder, have you played Need for Speed: The Run?"
"3Y3CZJSZ9KE82ES1CJVM7EVZQHVR5O","3R9DAV8FBHY6ITO5LJRA3TAI12QQLX","Write a conversational response about a video game based on its given attributes and context (type: recommend; attributes: 2)","Produce a dialogic utterance given specific attributes about a video game, such as its name, genre and available platforms","dialog, video game, attributes, writing, entertainment, chat, conversation, creative","$0.07","Mon Apr 22 21:17:28 PDT 2019","2","BatchId:3617115;OriginalHitTemplateId:920937336;","3600","1296000","Tue Apr 23 21:17:28 PDT 2019","","","3GGAI1SQEWK5Q3MICNRFN53PXKECMG","A1MW021IG07IMF","Approved","Mon Apr 22 22:45:44 PDT 2019","Mon Apr 22 22:46:20 PDT 2019","Tue May 07 22:46:20 PDT 2019","Fri May 03 19:35:33 PDT 2019","","","36","100% (184/184)","100% (184/184)","100% (64/64)","<b>Need for Speed: The Run</b>","Year: <b>2011</b>","","","","","","","","","","","","","Speaking of games from 2011, have you ever played Need for Speed: The Run?"
"3Y3CZJSZ9KE82ES1CJVM7EVZQHVR5O","3R9DAV8FBHY6ITO5LJRA3TAI12QQLX","Write a conversational response about a video game based on its given attributes and context (type: recommend; attributes: 2)","Produce a dialogic utterance given specific attributes about a video game, such as its name, genre and available platforms","dialog, video game, attributes, writing, entertainment, chat, conversation, creative","$0.07","Mon Apr 22 21:17:28 PDT 2019","2","BatchId:3617115;OriginalHitTemplateId:920937336;","3600","1296000","Tue Apr 23 21:17:28 PDT 2019","","","3W92K5RLWV33H57CB55YWVGSW6U5VS","A1ELPYAFO7MANS","Approved","Tue Apr 23 11:31:01 PDT 2019","Tue Apr 23 11:32:19 PDT 2019","Wed May 08 11:32:19 PDT 2019","Fri May 03 19:35:33 PDT 2019","","","78","100% (75/75)","100% (75/75)","100% (48/48)","<b>Need for Speed: The Run</b>","Year: <b>2011</b>","","","","","","","","","","","","","Speaking of games from 2011, have you tried Need for Speed: The Run?"
"37YYO3NWHDBPVXCX9WSZWP2NIXECCB","3R9DAV8FBHY6ITO5LJRA3TAI12QQLX","Write a conversational response about a video game based on its given attributes and context (type: recommend; attributes: 2)","Produce a dialogic utterance given specific attributes about a video game, such as its name, genre and available platforms","dialog, video game, attributes, writing, entertainment, chat, conversation, creative","$0.07","Mon Apr 22 21:17:28 PDT 2019","2","BatchId:3617115;OriginalHitTemplateId:920937336;","3600","1296000","Tue Apr 23 21:17:28 PDT 2019","","","3EFE17QCRDRZ56A3IC12A5ZB203HS6","A1ELPYAFO7MANS","Approved","Mon Apr 22 21:38:51 PDT 2019","Mon Apr 22 21:39:24 PDT 2019","Tue May 07 21:39:24 PDT 2019","Fri May 03 19:35:34 PDT 2019","","","33","100% (75/75)","100% (75/75)","100% (48/48)","<b>The Wolf Among Us</b>","","","","","","","","","Platform: <b>PC</b>","","","","","I was looking for a new PC game and thought I'd ask you if you've ever heard of The Wolf Among Us?"
"37YYO3NWHDBPVXCX9WSZWP2NIXECCB","3R9DAV8FBHY6ITO5LJRA3TAI12QQLX","Write a conversational response about a video game based on its given attributes and context (type: recommend; attributes: 2)","Produce a dialogic utterance given specific attributes about a video game, such as its name, genre and available platforms","dialog, video game, attributes, writing, entertainment, chat, conversation, creative","$0.07","Mon Apr 22 21:17:28 PDT 2019","2","BatchId:3617115;OriginalHitTemplateId:920937336;","3600","1296000","Tue Apr 23 21:17:28 PDT 2019","","","3YOH7BII0AT6ZOSFIS94YKZATMJKV2","A1MW021IG07IMF","Approved","Mon Apr 22 23:18:32 PDT 2019","Mon Apr 22 23:19:09 PDT 2019","Tue May 07 23:19:09 PDT 2019","Fri May 03 19:35:34 PDT 2019","","","37","100% (184/184)","100% (184/184)","100% (64/64)","<b>The Wolf Among Us</b>","","","","","","","","","Platform: <b>PC</b>","","","","","While we're on the subject of PC games, are you familiar with The Wolf Among Us?"
"3WJGKMRWVIUZ0PIB9SNAGVK53XQCDB","3R9DAV8FBHY6ITO5LJRA3TAI12QQLX","Write a conversational response about a video game based on its given attributes and context (type: recommend; attributes: 2)","Produce a dialogic utterance given specific attributes about a video game, such as its name, genre and available platforms","dialog, video game, attributes, writing, entertainment, chat, conversation, creative","$0.07","Mon Apr 22 21:17:29 PDT 2019","2","BatchId:3617115;OriginalHitTemplateId:920937336;","3600","1296000","Thu Apr 25 21:32:35 PDT 2019","","","3IUZPWIU1PTJEDSK82E0KMIO0IUWK7","A2ITJNPW1LDUN7","Approved","Thu Apr 25 05:42:46 PDT 2019","Thu Apr 25 05:43:02 PDT 2019","Fri May 10 05:43:02 PDT 2019","Fri May 03 19:35:34 PDT 2019","","","16","100% (83/83)","100% (83/83)","100% (82/82)","<b>The Wolf Among Us</b>","","","","","","","","","","Available on Steam: <b>yes</b>","","","","I know there's a lot of good games on Steam, but The Wolf Among Us stands above them, give it a shot."
"3WJGKMRWVIUZ0PIB9SNAGVK53XQCDB","3R9DAV8FBHY6ITO5LJRA3TAI12QQLX","Write a conversational response about a video game based on its given attributes and context (type: recommend; attributes: 2)","Produce a dialogic utterance given specific attributes about a video game, such as its name, genre and available platforms","dialog, video game, attributes, writing, entertainment, chat, conversation, creative","$0.07","Mon Apr 22 21:17:29 PDT 2019","2","BatchId:3617115;OriginalHitTemplateId:920937336;","3600","1296000","Thu Apr 25 21:32:35 PDT 2019","","","3J4Q2Z4UTZP5PGQFL7YXG8UXZ0VQWQ","A1ELPYAFO7MANS","Approved","Mon Apr 22 21:39:24 PDT 2019","Mon Apr 22 21:40:05 PDT 2019","Tue May 07 21:40:05 PDT 2019","Fri May 03 19:35:34 PDT 2019","","","41","100% (75/75)","100% (75/75)","100% (48/48)","<b>The Wolf Among Us</b>","","","","","","","","","","Available on Steam: <b>yes</b>","","","","I know you use Steam a lot, so I wonder if you've tried The Wolf Among Us?"
"3QMELQS6Y5W4LISFH25RZK9ZMC6R64","3R9DAV8FBHY6ITO5LJRA3TAI12QQLX","Write a conversational response about a video game based on its given attributes and context (type: recommend; attributes: 2)","Produce a dialogic utterance given specific attributes about a video game, such as its name, genre and available platforms","dialog, video game, attributes, writing, entertainment, chat, conversation, creative","$0.07","Mon Apr 22 21:17:29 PDT 2019","2","BatchId:3617115;OriginalHitTemplateId:920937336;","3600","1296000","Tue Apr 23 21:17:29 PDT 2019","","","3WSELTNVR4OLAJF416W03O8TRY8ATE","A1ELPYAFO7MANS","Approved","Tue Apr 23 10:57:55 PDT 2019","Tue Apr 23 10:59:35 PDT 2019","Wed May 08 10:59:35 PDT 2019","Fri May 03 19:35:34 PDT 2019","","","100","100% (75/75)","100% (75/75)","100% (48/48)","<b>The Wolf Among Us</b>","","","Developer: <b>Telltale Games</b>","","","","","","","","","","","I know some of your favorite games were put out by Telltale Games. Have you tried The Wolf Among Us?"
"3QMELQS6Y5W4LISFH25RZK9ZMC6R64","3R9DAV8FBHY6ITO5LJRA3TAI12QQLX","Write a conversational response about a video game based on its given attributes and context (type: recommend; attributes: 2)","Produce a dialogic utterance given specific attributes about a video game, such as its name, genre and available platforms","dialog, video game, attributes, writing, entertainment, chat, conversation, creative","$0.07","Mon Apr 22 21:17:29 PDT 2019","2","BatchId:3617115;OriginalHitTemplateId:920937336;","3600","1296000","Tue Apr 23 21:17:29 PDT 2019","","","3ZAK8W07I5049JWB99PHJEII1ID0UY","A1MW021IG07IMF","Approved","Mon Apr 22 23:32:38 PDT 2019","Mon Apr 22 23:33:24 PDT 2019","Tue May 07 23:33:24 PDT 2019","Fri May 03 19:35:34 PDT 2019","","","46","100% (184/184)","100% (184/184)","100% (64/64)","<b>The Wolf Among Us</b>","","","Developer: <b>Telltale Games</b>","","","","","","","","","","","Since we're on the subject of games developed by Telltale Games, I'm wondering, have you played The Wolf Among Us?"
"3B286OTISE2OAWL5ZADUDYPU8E2JAU","3R9DAV8FBHY6ITO5LJRA3TAI12QQLX","Write a conversational response about a video game based on its given attributes and context (type: recommend; attributes: 2)","Produce a dialogic utterance given specific attributes about a video game, such as its name, genre and available platforms","dialog, video game, attributes, writing, entertainment, chat, conversation, creative","$0.07","Mon Apr 22 21:17:29 PDT 2019","2","BatchId:3617115;OriginalHitTemplateId:920937336;","3600","1296000","Tue Apr 23 21:17:29 PDT 2019","","","32SVAV9L3GVGB2HAMRQ9LB4VXR4A3Q","A1MW021IG07IMF","Approved","Mon Apr 22 23:32:01 PDT 2019","Mon Apr 22 23:32:38 PDT 2019","Tue May 07 23:32:38 PDT 2019","Fri May 03 19:35:34 PDT 2019","","","37","100% (184/184)","100% (184/184)","100% (64/64)","<b>The Wolf Among Us</b>","","","","ESRB content rating: <b>M (for Mature)</b>","","","","","","","","","","And speaking of games that the ESRB gave an M rating to, have you played The Wolf Among us?"
"3B286OTISE2OAWL5ZADUDYPU8E2JAU","3R9DAV8FBHY6ITO5LJRA3TAI12QQLX","Write a conversational response about a video game based on its given attributes and context (type: recommend; attributes: 2)","Produce a dialogic utterance given specific attributes about a video game, such as its name, genre and available platforms","dialog, video game, attributes, writing, entertainment, chat, conversation, creative","$0.07","Mon Apr 22 21:17:29 PDT 2019","2","BatchId:3617115;OriginalHitTemplateId:920937336;","3600","1296000","Tue Apr 23 21:17:29 PDT 2019","","","37FMASSAYDD0KF4LD8XSKSQQYZIIB5","A1ELPYAFO7MANS","Approved","Tue Apr 23 11:21:52 PDT 2019","Tue Apr 23 11:22:27 PDT 2019","Wed May 08 11:22:27 PDT 2019","Fri May 03 19:35:34 PDT 2019","","","35","100% (75/75)","100% (75/75)","100% (48/48)","<b>The Wolf Among Us</b>","","","","ESRB content rating: <b>M (for Mature)</b>","","","","","","","","","","I know you like M (for Mature) games; have you checked out The Wolf Among Us?"
"3126F2F5F8ONMK5FASK06D1X2S6EPK","3R9DAV8FBHY6ITO5LJRA3TAI12QQLX","Write a conversational response about a video game based on its given attributes and context (type: recommend; attributes: 2)","Produce a dialogic utterance given specific attributes about a video game, such as its name, genre and available platforms","dialog, video game, attributes, writing, entertainment, chat, conversation, creative","$0.07","Mon Apr 22 21:17:29 PDT 2019","2","BatchId:3617115;OriginalHitTemplateId:920937336;","3600","1296000","Sat May 04 00:32:19 PDT 2019","","","308XBLVESJQDDE743VR1YKRHNZABRL","A1MW021IG07IMF","Approved","Fri May 03 19:17:52 PDT 2019","Fri May 03 19:18:12 PDT 2019","Sat May 18 19:18:12 PDT 2019","Fri May 03 19:35:35 PDT 2019","","","20","100% (184/184)","100% (184/184)","100% (64/64)","<b>The Wolf Among Us</b>","","","","","","","Player perspective: <b>third person</b>","","","","","","","And speaking of third person games, have you played The Wolf Among Us?"
"3126F2F5F8ONMK5FASK06D1X2S6EPK","3R9DAV8FBHY6ITO5LJRA3TAI12QQLX","Write a conversational response about a video game based on its given attributes and context (type: recommend; attributes: 2)","Produce a dialogic utterance given specific attributes about a video game, such as its name, genre and available platforms","dialog, video game, attributes, writing, entertainment, chat, conversation, creative","$0.07","Mon Apr 22 21:17:29 PDT 2019","2","BatchId:3617115;OriginalHitTemplateId:920937336;","3600","1296000","Sat May 04 00:32:19 PDT 2019","","","30OG32W0SVXQ5JRWKFCAQ8SSNA1NEW","A2ITJNPW1LDUN7","Approved","Thu Apr 25 07:50:52 PDT 2019","Thu Apr 25 07:51:22 PDT 2019","Fri May 10 07:51:22 PDT 2019","Fri May 03 19:35:35 PDT 2019","","","30","100% (83/83)","100% (83/83)","100% (82/82)","<b>The Wolf Among Us</b>","","","","","","","Player perspective: <b>third person</b>","","","","","","","Since you like third person games I think you'd enjoy The Wolf Among Us"