"HITId","HITTypeId","Title","Description","Keywords","Reward","CreationTime","MaxAssignments","RequesterAnnotation","AssignmentDurationInSeconds","AutoApprovalDelayInSeconds","Expiration","NumberOfSimilarHITs","LifetimeInSeconds","AssignmentId","WorkerId","AssignmentStatus","AcceptTime","SubmitTime","AutoApprovalTime","ApprovalTime","RejectionTime","RequesterFeedback","WorkTimeInSeconds","LifetimeApprovalRate","Last30DaysApprovalRate","Last7DaysApprovalRate","Input.name","Input.release_year","Input.exp_release_date","Input.developer","Input.esrb","Input.rating","Input.genres","Input.player_perspective","Input.has_multiplayer","Input.platforms","Input.available_on_steam","Input.has_linux_release","Input.has_mac_release","Answer.utterance","Approve","Reject"
"3ZXNP4Z39R6CMKB7VSDNJM0WBXI7LE","3A16Z7407X7X2RNP3LNTY92QIC3OJL","Write a conversational response about a video game based on its attributes and context (type: request explanation; attr.: 2)","Produce a dialogic utterance given specific attributes about a video game, such as its name, genre and available platforms","dialog, video game, attributes, writing, entertainment, chat, conversation, creative","$0.07","Tue Apr 23 19:05:24 PDT 2019","2","BatchId:3618458;OriginalHitTemplateId:920937336;","3600","1296000","Sun May 05 01:10:56 PDT 2019","","","35BLDD71I7J1OJR1ITCELZNNZ9NVZK","A1MW021IG07IMF","Submitted","Sat May 04 00:03:37 PDT 2019","Sat May 04 00:04:20 PDT 2019","Sun May 19 00:04:20 PDT 2019","","","","43","100% (404/404)","100% (404/404)","100% (246/246)","","","","","","Liking: <b>good</b>","","","","Platform: <b>PlayStation</b>","","","","What is it about the games on the PlayStation that makes you find them fun?"
"3ZXNP4Z39R6CMKB7VSDNJM0WBXI7LE","3A16Z7407X7X2RNP3LNTY92QIC3OJL","Write a conversational response about a video game based on its attributes and context (type: request explanation; attr.: 2)","Produce a dialogic utterance given specific attributes about a video game, such as its name, genre and available platforms","dialog, video game, attributes, writing, entertainment, chat, conversation, creative","$0.07","Tue Apr 23 19:05:24 PDT 2019","2","BatchId:3618458;OriginalHitTemplateId:920937336;","3600","1296000","Sun May 05 01:10:56 PDT 2019","","","3IOEN3P9S85JEXRS9AVEHDNC3F661S","A2ITJNPW1LDUN7","Submitted","Thu Apr 25 16:38:32 PDT 2019","Thu Apr 25 16:38:39 PDT 2019","Fri May 10 16:38:39 PDT 2019","","","","7","100% (334/334)","100% (334/334)","100% (277/277)","","","","","","Liking: <b>good</b>","","","","Platform: <b>PlayStation</b>","","","","What is it you like about games on PlayStation?"
"3H1C3QRA0144SVWB5NYUMD2Q3B8CEP","3A16Z7407X7X2RNP3LNTY92QIC3OJL","Write a conversational response about a video game based on its attributes and context (type: request explanation; attr.: 2)","Produce a dialogic utterance given specific attributes about a video game, such as its name, genre and available platforms","dialog, video game, attributes, writing, entertainment, chat, conversation, creative","$0.07","Tue Apr 23 19:05:24 PDT 2019","2","BatchId:3618458;OriginalHitTemplateId:920937336;","3600","1296000","Sun May 05 01:10:56 PDT 2019","","","35USIKEBNS2MS4YHEXTCEK0F82R6NQ","A1MW021IG07IMF","Submitted","Sat May 04 00:17:42 PDT 2019","Sat May 04 00:18:13 PDT 2019","Sun May 19 00:18:13 PDT 2019","","","","31","100% (404/404)","100% (404/404)","100% (246/246)","","","","","","Liking: <b>good</b>","Genres: <b>adventure, platformer, puzzle</b>","","","","","","","I'm curious, what is it about adventure puzzle platformers that you enjoy?"
"3H1C3QRA0144SVWB5NYUMD2Q3B8CEP","3A16Z7407X7X2RNP3LNTY92QIC3OJL","Write a conversational response about a video game based on its attributes and context (type: request explanation; attr.: 2)","Produce a dialogic utterance given specific attributes about a video game, such as its name, genre and available platforms","dialog, video game, attributes, writing, entertainment, chat, conversation, creative","$0.07","Tue Apr 23 19:05:24 PDT 2019","2","BatchId:3618458;OriginalHitTemplateId:920937336;","3600","1296000","Sun May 05 01:10:56 PDT 2019","","","3VSOLARPKCV26J75ULC9PGTBRPZ39D","A2ITJNPW1LDUN7","Submitted","Wed Apr 24 12:37:23 PDT 2019","Wed Apr 24 12:37:41 PDT 2019","Thu May 09 12:37:41 PDT 2019","","","","18","100% (334/334)","100% (334/334)","100% (277/277)","","","","","","Liking: <b>good</b>","Genres: <b>adventure, platformer, puzzle</b>","","","","","","","What is it about adventure/platformers with puzzles that you find so enjoyable?"
"30Z7M1Q8UY5ZQFPM86G3O8GGS5PA8M","3A16Z7407X7X2RNP3LNTY92QIC3OJL","Write a conversational response about a video game based on its attributes and context (type: request explanation; attr.: 2)","Produce a dialogic utterance given specific attributes about a video game, such as its name, genre and available platforms","dialog, video game, attributes, writing, entertainment, chat, conversation, creative","$0.07","Tue Apr 23 19:05:24 PDT 2019","2","BatchId:3618458;OriginalHitTemplateId:920937336;","3600","1296000","Sun May 05 01:10:56 PDT 2019","","","38SKSKU7R2JCXOQX4LMMYVMVAC6LI7","A2ITJNPW1LDUN7","Submitted","Thu Apr 25 16:42:44 PDT 2019","Thu Apr 25 16:44:19 PDT 2019","Fri May 10 16:44:19 PDT 2019","","","","95","100% (334/334)","100% (334/334)","100% (277/277)","","","","","","Liking: <b>good</b>","","Player perspective: <b>side view</b>","","","","","","why do you find side view games so enjoyable?"
"30Z7M1Q8UY5ZQFPM86G3O8GGS5PA8M","3A16Z7407X7X2RNP3LNTY92QIC3OJL","Write a conversational response about a video game based on its attributes and context (type: request explanation; attr.: 2)","Produce a dialogic utterance given specific attributes about a video game, such as its name, genre and available platforms","dialog, video game, attributes, writing, entertainment, chat, conversation, creative","$0.07","Tue Apr 23 19:05:24 PDT 2019","2","BatchId:3618458;OriginalHitTemplateId:920937336;","3600","1296000","Sun May 05 01:10:56 PDT 2019","","","3B1NLC6UG0IOSIZ06PFQU0IZ2VRPG3","A1MW021IG07IMF","Submitted","Fri May 03 23:56:36 PDT 2019","Fri May 03 23:57:00 PDT 2019","Sat May 18 23:57:00 PDT 2019","","","","24","100% (404/404)","100% (404/404)","100% (246/246)","","","","","","Liking: <b>good</b>","","Player perspective: <b>side view</b>","","","","","","What is it about the side view perspective in games that makes them fun for you?"
"3UEDKCTP9VB12ETPAS1M4MNHMXD7KB","3A16Z7407X7X2RNP3LNTY92QIC3OJL","Write a conversational response about a video game based on its attributes and context (type: request explanation; attr.: 2)","Produce a dialogic utterance given specific attributes about a video game, such as its name, genre and available platforms","dialog, video game, attributes, writing, entertainment, chat, conversation, creative","$0.07","Tue Apr 23 19:05:24 PDT 2019","2","BatchId:3618458;OriginalHitTemplateId:920937336;","3600","1296000","Sun May 05 01:10:56 PDT 2019","","","37C0GNLMHGPD6S74P3F9IFOLSC9D6P","A2ITJNPW1LDUN7","Submitted","Thu Apr 25 16:42:51 PDT 2019","Thu Apr 25 16:45:34 PDT 2019","Fri May 10 16:45:34 PDT 2019","","","","163","100% (334/334)","100% (334/334)","100% (277/277)","","","","","","Liking: <b>good</b>","","","Has multiplayer: <b>no</b>","","","","","Why do you enjoy single player games so much?"
"3UEDKCTP9VB12ETPAS1M4MNHMXD7KB","3A16Z7407X7X2RNP3LNTY92QIC3OJL","Write a conversational response about a video game based on its attributes and context (type: request explanation; attr.: 2)","Produce a dialogic utterance given specific attributes about a video game, such as its name, genre and available platforms","dialog, video game, attributes, writing, entertainment, chat, conversation, creative","$0.07","Tue Apr 23 19:05:24 PDT 2019","2","BatchId:3618458;OriginalHitTemplateId:920937336;","3600","1296000","Sun May 05 01:10:56 PDT 2019","","","3CTOC39K38C9DEL1I96CRRJUUT37JJ","A1MW021IG07IMF","Submitted","Sat May 04 00:00:35 PDT 2019","Sat May 04 00:01:06 PDT 2019","Sun May 19 00:01:06 PDT 2019","","","","31","100% (404/404)","100% (404/404)","100% (246/246)","","","","","","Liking: <b>good</b>","","","Has multiplayer: <b>no</b>","","","","","I'm wondering something, why is it that if a game doesn't have a multiplayer option, you tend to enjoy it?"
"3QQUBC64ZEZWPZKJPIX0QDH9ILWXN0","3A16Z7407X7X2RNP3LNTY92QIC3OJL","Write a conversational response about a video game based on its attributes and context (type: request explanation; attr.: 2)","Produce a dialogic utterance given specific attributes about a video game, such as its name, genre and available platforms","dialog, video game, attributes, writing, entertainment, chat, conversation, creative","$0.07","Tue Apr 23 19:05:24 PDT 2019","2","BatchId:3618458;OriginalHitTemplateId:920937336;","3600","1296000","Sun May 05 01:10:56 PDT 2019","","","339ANSOTR6O1DI8FJLALJV9GNYGIKQ","A1MW021IG07IMF","Submitted","Sat May 04 00:14:29 PDT 2019","Sat May 04 00:15:01 PDT 2019","Sun May 19 00:15:01 PDT 2019","","","","32","100% (404/404)","100% (404/404)","100% (246/246)","","","","Developer: <b>Tarsier Studios</b>","","Liking: <b>good</b>","","","","","","","","I'm wondering, why do you enjoy the games made by Tarsier Studios?"
"3QQUBC64ZEZWPZKJPIX0QDH9ILWXN0","3A16Z7407X7X2RNP3LNTY92QIC3OJL","Write a conversational response about a video game based on its attributes and context (type: request explanation; attr.: 2)","Produce a dialogic utterance given specific attributes about a video game, such as its name, genre and available platforms","dialog, video game, attributes, writing, entertainment, chat, conversation, creative","$0.07","Tue Apr 23 19:05:24 PDT 2019","2","BatchId:3618458;OriginalHitTemplateId:920937336;","3600","1296000","Sun May 05 01:10:56 PDT 2019","","","3X73LLYYQ202PTIYAGKGBBP5FURNHI","A2ITJNPW1LDUN7","Submitted","Thu Apr 25 16:42:55 PDT 2019","Thu Apr 25 16:46:01 PDT 2019","Fri May 10 16:46:01 PDT 2019","","","","186","100% (334/334)","100% (334/334)","100% (277/277)","","","","Developer: <b>Tarsier Studios</b>","","Liking: <b>good</b>","","","","","","","","What do you enjoy about Tarsier Studios' games?"
"3YO4AH2FPD59V6R02Y0ALTP3DPZ0QW","3A16Z7407X7X2RNP3LNTY92QIC3OJL","Write a conversational response about a video game based on its attributes and context (type: request explanation; attr.: 2)","Produce a dialogic utterance given specific attributes about a video game, such as its name, genre and available platforms","dialog, video game, attributes, writing, entertainment, chat, conversation, creative","$0.07","Tue Apr 23 19:05:24 PDT 2019","2","BatchId:3618458;OriginalHitTemplateId:920937336;","3600","1296000","Sun May 05 01:10:56 PDT 2019","","","3LQ8PUHQFMEABS77D07O63TOVH9IHJ","A1MW021IG07IMF","Submitted","Fri May 03 23:57:35 PDT 2019","Fri May 03 23:58:00 PDT 2019","Sat May 18 23:58:00 PDT 2019","","","","25","100% (404/404)","100% (404/404)","100% (246/246)","","","","","","Liking: <b>poor</b>","","","","Platform: <b>Xbox</b>","","","","What is it about games released for the Xbox that makes you hate them the way you do?"
"3YO4AH2FPD59V6R02Y0ALTP3DPZ0QW","3A16Z7407X7X2RNP3LNTY92QIC3OJL","Write a conversational response about a video game based on its attributes and context (type: request explanation; attr.: 2)","Produce a dialogic utterance given specific attributes about a video game, such as its name, genre and available platforms","dialog, video game, attributes, writing, entertainment, chat, conversation, creative","$0.07","Tue Apr 23 19:05:24 PDT 2019","2","BatchId:3618458;OriginalHitTemplateId:920937336;","3600","1296000","Sun May 05 01:10:56 PDT 2019","","","3OE22WJIGJASXC1AQ7JWYK90EDGUQD","A2ITJNPW1LDUN7","Submitted","Thu Apr 25 16:42:41 PDT 2019","Thu Apr 25 16:43:52 PDT 2019","Fri May 10 16:43:52 PDT 2019","","","","71","100% (334/334)","100% (334/334)","100% (277/277)","","","","","","Liking: <b>poor</b>","","","","Platform: <b>Xbox</b>","","","","What about the Xbox do you find so unappealing?"
"3I7SHAD35MHWS2TSV4E2JZFLB287MG","3A16Z7407X7X2RNP3LNTY92QIC3OJL","Write a conversational response about a video game based on its attributes and context (type: request explanation; attr.: 2)","Produce a dialogic utterance given specific attributes about a video game, such as its name, genre and available platforms","dialog, video game, attributes, writing, entertainment, chat, conversation, creative","$0.07","Tue Apr 23 19:05:24 PDT 2019","2","BatchId:3618458;OriginalHitTemplateId:920937336;","3600","1296000","Sun May 05 01:10:56 PDT 2019","","","3W2LOLRXLC1E6HBY984UXNA7AUWRK0","A1MW021IG07IMF","Submitted","Fri May 03 23:57:00 PDT 2019","Fri May 03 23:57:35 PDT 2019","Sat May 18 23:57:35 PDT 2019","","","","35","100% (404/404)","100% (404/404)","100% (246/246)","","","","","","Liking: <b>poor</b>","","Player perspective: <b>first person</b>","","","","","","So I've been wondering, why do you dislike first person games so much?"
"3I7SHAD35MHWS2TSV4E2JZFLB287MG","3A16Z7407X7X2RNP3LNTY92QIC3OJL","Write a conversational response about a video game based on its attributes and context (type: request explanation; attr.: 2)","Produce a dialogic utterance given specific attributes about a video game, such as its name, genre and available platforms","dialog, video game, attributes, writing, entertainment, chat, conversation, creative","$0.07","Tue Apr 23 19:05:24 PDT 2019","2","BatchId:3618458;OriginalHitTemplateId:920937336;","3600","1296000","Sun May 05 01:10:56 PDT 2019","","","3X65QVEQI19LKL4XCBQ0NSO0X7MLC5","A2ITJNPW1LDUN7","Submitted","Thu Apr 25 16:42:32 PDT 2019","Thu Apr 25 16:42:56 PDT 2019","Fri May 10 16:42:56 PDT 2019","","","","24","100% (334/334)","100% (334/334)","100% (277/277)","","","","","","Liking: <b>poor</b>","","Player perspective: <b>first person</b>","","","","","","What do you find so unenjoyable about first person games?"
"3CO05SML7VQ97760FDPAQJZ89B10RX","3A16Z7407X7X2RNP3LNTY92QIC3OJL","Write a conversational response about a video game based on its attributes and context (type: request explanation; attr.: 2)","Produce a dialogic utterance given specific attributes about a video game, such as its name, genre and available platforms","dialog, video game, attributes, writing, entertainment, chat, conversation, creative","$0.07","Tue Apr 23 19:05:24 PDT 2019","2","BatchId:3618458;OriginalHitTemplateId:920937336;","3600","1296000","Sun May 05 01:10:56 PDT 2019","","","32EYX73OY1VS9DGA3M8W3AJ5AZIURE","A2ITJNPW1LDUN7","Submitted","Thu Apr 25 16:42:42 PDT 2019","Thu Apr 25 16:44:02 PDT 2019","Fri May 10 16:44:02 PDT 2019","","","","80","100% (334/334)","100% (334/334)","100% (277/277)","","","","","","Liking: <b>poor</b>","","","Has multiplayer: <b>no</b>","","","","","Is there something about multiplayer that off puts you?"
"3CO05SML7VQ97760FDPAQJZ89B10RX","3A16Z7407X7X2RNP3LNTY92QIC3OJL","Write a conversational response about a video game based on its attributes and context (type: request explanation; attr.: 2)","Produce a dialogic utterance given specific attributes about a video game, such as its name, genre and available platforms","dialog, video game, attributes, writing, entertainment, chat, conversation, creative","$0.07","Tue Apr 23 19:05:24 PDT 2019","2","BatchId:3618458;OriginalHitTemplateId:920937336;","3600","1296000","Sun May 05 01:10:56 PDT 2019","","","34MAJL3QP5919D1TDQGI88IV7UT34L","A1MW021IG07IMF","Submitted","Sat May 04 00:09:20 PDT 2019","Sat May 04 00:10:13 PDT 2019","Sun May 19 00:10:13 PDT 2019","","","","53","100% (404/404)","100% (404/404)","100% (246/246)","","","","","","Liking: <b>poor</b>","","","Has multiplayer: <b>no</b>","","","","","If you don't mind me asking, why is it if a game doesn't have multiplayer you just don't like it at all?"
"3ZXV7Q5FJB9WY9W70YI04VNQFCNCF7","3A16Z7407X7X2RNP3LNTY92QIC3OJL","Write a conversational response about a video game based on its attributes and context (type: request explanation; attr.: 2)","Produce a dialogic utterance given specific attributes about a video game, such as its name, genre and available platforms","dialog, video game, attributes, writing, entertainment, chat, conversation, creative","$0.07","Tue Apr 23 19:05:24 PDT 2019","2","BatchId:3618458;OriginalHitTemplateId:920937336;","3600","1296000","Sun May 05 01:10:56 PDT 2019","","","3M81GAB8A15D1DS4QG21TUHCREMQBF","A1MW021IG07IMF","Submitted","Sat May 04 00:02:42 PDT 2019","Sat May 04 00:03:04 PDT 2019","Sun May 19 00:03:04 PDT 2019","","","","22","100% (404/404)","100% (404/404)","100% (246/246)","","","","","ESRB content rating: <b>M (for Mature)</b>","Liking: <b>poor</b>","","","","","","","","Why is it if a game has an M rating you always tend to dislike it?"
"3ZXV7Q5FJB9WY9W70YI04VNQFCNCF7","3A16Z7407X7X2RNP3LNTY92QIC3OJL","Write a conversational response about a video game based on its attributes and context (type: request explanation; attr.: 2)","Produce a dialogic utterance given specific attributes about a video game, such as its name, genre and available platforms","dialog, video game, attributes, writing, entertainment, chat, conversation, creative","$0.07","Tue Apr 23 19:05:24 PDT 2019","2","BatchId:3618458;OriginalHitTemplateId:920937336;","3600","1296000","Sun May 05 01:10:56 PDT 2019","","","3X73LLYYQ202PTIYAGKGBBP5FJYHNX","A2ITJNPW1LDUN7","Submitted","Wed Apr 24 12:36:43 PDT 2019","Wed Apr 24 12:36:59 PDT 2019","Thu May 09 12:36:59 PDT 2019","","","","16","100% (334/334)","100% (334/334)","100% (277/277)","","","","","ESRB content rating: <b>M (for Mature)</b>","Liking: <b>poor</b>","","","","","","","","What do you dislike about m rated games so much?"
"3VI0PC2ZAY5E7KKVQXXD52HE8V1XOF","3A16Z7407X7X2RNP3LNTY92QIC3OJL","Write a conversational response about a video game based on its attributes and context (type: request explanation; attr.: 2)","Produce a dialogic utterance given specific attributes about a video game, such as its name, genre and available platforms","dialog, video game, attributes, writing, entertainment, chat, conversation, creative","$0.07","Tue Apr 23 19:05:24 PDT 2019","2","BatchId:3618458;OriginalHitTemplateId:920937336;","3600","1296000","Sun May 05 01:10:56 PDT 2019","","","34S9DKFK74BOBO8NKGO4XBK87CIYNG","A1MW021IG07IMF","Submitted","Sat May 04 00:10:13 PDT 2019","Sat May 04 00:10:53 PDT 2019","Sun May 19 00:10:53 PDT 2019","","","","40","100% (404/404)","100% (404/404)","100% (246/246)","","","","Developer: <b>Bloober Team</b>","","Liking: <b>poor</b>","","","","","","","","Just what is it about the games made by Bloober Team that you find so unpleasant?"
"3VI0PC2ZAY5E7KKVQXXD52HE8V1XOF","3A16Z7407X7X2RNP3LNTY92QIC3OJL","Write a conversational response about a video game based on its attributes and context (type: request explanation; attr.: 2)","Produce a dialogic utterance given specific attributes about a video game, such as its name, genre and available platforms","dialog, video game, attributes, writing, entertainment, chat, conversation, creative","$0.07","Tue Apr 23 19:05:24 PDT 2019","2","BatchId:3618458;OriginalHitTemplateId:920937336;","3600","1296000","Sun May 05 01:10:56 PDT 2019","","","3DI28L7YXB0NRCK7FSECT1FPKDUE1L","A2ITJNPW1LDUN7","Submitted","Thu Apr 25 16:39:33 PDT 2019","Thu Apr 25 16:39:42 PDT 2019","Fri May 10 16:39:42 PDT 2019","","","","9","100% (334/334)","100% (334/334)","100% (277/277)","","","","Developer: <b>Bloober Team</b>","","Liking: <b>poor</b>","","","","","","","","Why do you think Bloober team makes such poor games?"
"3SZYX62S5GLYKV8M35XG2X4ZP7I57O","3A16Z7407X7X2RNP3LNTY92QIC3OJL","Write a conversational response about a video game based on its attributes and context (type: request explanation; attr.: 2)","Produce a dialogic utterance given specific attributes about a video game, such as its name, genre and available platforms","dialog, video game, attributes, writing, entertainment, chat, conversation, creative","$0.07","Tue Apr 23 19:05:24 PDT 2019","2","BatchId:3618458;OriginalHitTemplateId:920937336;","3600","1296000","Sun May 05 01:10:56 PDT 2019","","","34S6N1K2ZW5C1TFDY341YJLGAZRLHE","A2ITJNPW1LDUN7","Submitted","Thu Apr 25 16:42:40 PDT 2019","Thu Apr 25 16:43:42 PDT 2019","Fri May 10 16:43:42 PDT 2019","","","","62","100% (334/334)","100% (334/334)","100% (277/277)","","","","","","Liking: <b>poor</b>","","","","Platform: <b>PC</b>","","","","Why do you dislike PC games?"
"3SZYX62S5GLYKV8M35XG2X4ZP7I57O","3A16Z7407X7X2RNP3LNTY92QIC3OJL","Write a conversational response about a video game based on its attributes and context (type: request explanation; attr.: 2)","Produce a dialogic utterance given specific attributes about a video game, such as its name, genre and available platforms","dialog, video game, attributes, writing, entertainment, chat, conversation, creative","$0.07","Tue Apr 23 19:05:24 PDT 2019","2","BatchId:3618458;OriginalHitTemplateId:920937336;","3600","1296000","Sun May 05 01:10:56 PDT 2019","","","3NQL1CS15SU1JTHWM7AV7SELTFKYVX","A1MW021IG07IMF","Submitted","Sat May 04 00:10:54 PDT 2019","Sat May 04 00:11:28 PDT 2019","Sun May 19 00:11:28 PDT 2019","","","","34","100% (404/404)","100% (404/404)","100% (246/246)","","","","","","Liking: <b>poor</b>","","","","Platform: <b>PC</b>","","","","I wonder if you can explain something to me, why is it that you can't stand games that are on the PC?"
"382GHPVPHSCYNT3ZNOBGKOM5K9134C","3A16Z7407X7X2RNP3LNTY92QIC3OJL","Write a conversational response about a video game based on its attributes and context (type: request explanation; attr.: 2)","Produce a dialogic utterance given specific attributes about a video game, such as its name, genre and available platforms","dialog, video game, attributes, writing, entertainment, chat, conversation, creative","$0.07","Tue Apr 23 19:05:24 PDT 2019","2","BatchId:3618458;OriginalHitTemplateId:920937336;","3600","1296000","Sun May 05 01:10:56 PDT 2019","","","3ATTHHXXWBA7XI7MI4PA9PHIHLGXI5","A2ITJNPW1LDUN7","Submitted","Thu Apr 25 16:42:43 PDT 2019","Thu Apr 25 16:44:12 PDT 2019","Fri May 10 16:44:12 PDT 2019","","","","89","100% (334/334)","100% (334/334)","100% (277/277)","","","","","","Liking: <b>poor</b>","","","Has multiplayer: <b>yes</b>","","","","","What is it about multiplayer games that disappoint you so much?"
"382GHPVPHSCYNT3ZNOBGKOM5K9134C","3A16Z7407X7X2RNP3LNTY92QIC3OJL","Write a conversational response about a video game based on its attributes and context (type: request explanation; attr.: 2)","Produce a dialogic utterance given specific attributes about a video game, such as its name, genre and available platforms","dialog, video game, attributes, writing, entertainment, chat, conversation, creative","$0.07","Tue Apr 23 19:05:24 PDT 2019","2","BatchId:3618458;OriginalHitTemplateId:920937336;","3600","1296000","Sun May 05 01:10:56 PDT 2019","","","3P59JYT76M6W5GK0OR3LX6PVHF8T2U","A1MW021IG07IMF","Submitted","Sat May 04 00:03:04 PDT 2019","Sat May 04 00:03:37 PDT 2019","Sun May 19 00:03:37 PDT 2019","","","","33","100% (404/404)","100% (404/404)","100% (246/246)","","","","","","Liking: <b>poor</b>","","","Has multiplayer: <b>yes</b>","","","","","Why do you feel so negatively about games with multiplayer?"
"3VGZ74AYTG12C9S2BIOIMGN2GRNCG6","3A16Z7407X7X2RNP3LNTY92QIC3OJL","Write a conversational response about a video game based on its attributes and context (type: request explanation; attr.: 2)","Produce a dialogic utterance given specific attributes about a video game, such as its name, genre and available platforms","dialog, video game, attributes, writing, entertainment, chat, conversation, creative","$0.07","Tue Apr 23 19:05:24 PDT 2019","2","BatchId:3618458;OriginalHitTemplateId:920937336;","3600","1296000","Sun May 05 01:10:56 PDT 2019","","","35K3O9HUACZEHREFMRTXI3JJLNDEFM","A2ITJNPW1LDUN7","Submitted","Thu Apr 25 16:40:14 PDT 2019","Thu Apr 25 16:42:47 PDT 2019","Fri May 10 16:42:47 PDT 2019","","","","153","100% (334/334)","100% (334/334)","100% (277/277)","","","","Developer: <b>Days of Wonder</b>","","Liking: <b>poor</b>","","","","","","","","What is it about Days of Wonder's games you dislike so much?"
"3VGZ74AYTG12C9S2BIOIMGN2GRNCG6","3A16Z7407X7X2RNP3LNTY92QIC3OJL","Write a conversational response about a video game based on its attributes and context (type: request explanation; attr.: 2)","Produce a dialogic utterance given specific attributes about a video game, such as its name, genre and available platforms","dialog, video game, attributes, writing, entertainment, chat, conversation, creative","$0.07","Tue Apr 23 19:05:24 PDT 2019","2","BatchId:3618458;OriginalHitTemplateId:920937336;","3600","1296000","Sun May 05 01:10:56 PDT 2019","","","3PB5A5BD0WSZMCV0A3L9UERE21O7GH","A1MW021IG07IMF","Submitted","Sat May 04 00:11:59 PDT 2019","Sat May 04 00:12:32 PDT 2019","Sun May 19 00:12:32 PDT 2019","","","","33","100% (404/404)","100% (404/404)","100% (246/246)","","","","Developer: <b>Days of Wonder</b>","","Liking: <b>poor</b>","","","","","","","","So just what is it about the games made by Days of Wonder that you find so terrible?"
"3YLTXLH3DFRZ6UWH0TS6RGYAUAFHPO","3A16Z7407X7X2RNP3LNTY92QIC3OJL","Write a conversational response about a video game based on its attributes and context (type: request explanation; attr.: 2)","Produce a dialogic utterance given specific attributes about a video game, such as its name, genre and available platforms","dialog, video game, attributes, writing, entertainment, chat, conversation, creative","$0.07","Tue Apr 23 19:05:24 PDT 2019","2","BatchId:3618458;OriginalHitTemplateId:920937336;","3600","1296000","Sun May 05 01:10:56 PDT 2019","","","38YMOXR4MVLCFY7V6YKZA3D61ERW63","A1MW021IG07IMF","Submitted","Fri May 03 23:58:32 PDT 2019","Fri May 03 23:58:59 PDT 2019","Sat May 18 23:58:59 PDT 2019","","","","27","100% (404/404)","100% (404/404)","100% (246/246)","","","","","","Liking: <b>poor</b>","Genres: <b>indie, trivia/board game</b>","","","","","","","What is it about indie games in the trivia/board game genre that you find so distasteful?"
"3YLTXLH3DFRZ6UWH0TS6RGYAUAFHPO","3A16Z7407X7X2RNP3LNTY92QIC3OJL","Write a conversational response about a video game based on its attributes and context (type: request explanation; attr.: 2)","Produce a dialogic utterance given specific attributes about a video game, such as its name, genre and available platforms","dialog, video game, attributes, writing, entertainment, chat, conversation, creative","$0.07","Tue Apr 23 19:05:24 PDT 2019","2","BatchId:3618458;OriginalHitTemplateId:920937336;","3600","1296000","Sun May 05 01:10:56 PDT 2019","","","3KKG4CDWKJKNOFQ9UZHSZLLH50O49E","A2ITJNPW1LDUN7","Submitted","Thu Apr 25 16:39:42 PDT 2019","Thu Apr 25 16:39:50 PDT 2019","Fri May 10 16:39:50 PDT 2019","","","","8","100% (334/334)","100% (334/334)","100% (277/277)","","","","","","Liking: <b>poor</b>","Genres: <b>indie, trivia/board game</b>","","","","","","","Why do you dislike indie trivia board games?"
"3EKZL9T8Y87GC5NDVO607GZ3VR0CH5","3A16Z7407X7X2RNP3LNTY92QIC3OJL","Write a conversational response about a video game based on its attributes and context (type: request explanation; attr.: 2)","Produce a dialogic utterance given specific attributes about a video game, such as its name, genre and available platforms","dialog, video game, attributes, writing, entertainment, chat, conversation, creative","$0.07","Tue Apr 23 19:05:24 PDT 2019","2","BatchId:3618458;OriginalHitTemplateId:920937336;","3600","1296000","Sun May 05 01:10:56 PDT 2019","","","3C5W7UE9CGCTT1XD3JN21IOZYU0XML","A2ITJNPW1LDUN7","Submitted","Thu Apr 25 16:43:00 PDT 2019","Thu Apr 25 16:47:02 PDT 2019","Fri May 10 16:47:02 PDT 2019","","","","242","100% (334/334)","100% (334/334)","100% (277/277)","","","","","","Liking: <b>poor</b>","","","","","","","Has a Mac release: <b>yes</b>","What is it about Mac games that you find so disappointing?"
"3EKZL9T8Y87GC5NDVO607GZ3VR0CH5","3A16Z7407X7X2RNP3LNTY92QIC3OJL","Write a conversational response about a video game based on its attributes and context (type: request explanation; attr.: 2)","Produce a dialogic utterance given specific attributes about a video game, such as its name, genre and available platforms","dialog, video game, attributes, writing, entertainment, chat, conversation, creative","$0.07","Tue Apr 23 19:05:24 PDT 2019","2","BatchId:3618458;OriginalHitTemplateId:920937336;","3600","1296000","Sun May 05 01:10:56 PDT 2019","","","3XCC1ODXDMX0HK9TMDORT9MG90QQRT","A1MW021IG07IMF","Submitted","Sat May 04 00:08:53 PDT 2019","Sat May 04 00:09:20 PDT 2019","Sun May 19 00:09:20 PDT 2019","","","","27","100% (404/404)","100% (404/404)","100% (246/246)","","","","","","Liking: <b>poor</b>","","","","","","","Has a Mac release: <b>yes</b>","What is it about games that have a Mac release that makes you hate them the way you do?"
"3NOEP8XAU4NWSKWW5XASU2M4I0XXPW","3A16Z7407X7X2RNP3LNTY92QIC3OJL","Write a conversational response about a video game based on its attributes and context (type: request explanation; attr.: 2)","Produce a dialogic utterance given specific attributes about a video game, such as its name, genre and available platforms","dialog, video game, attributes, writing, entertainment, chat, conversation, creative","$0.07","Tue Apr 23 19:05:24 PDT 2019","2","BatchId:3618458;OriginalHitTemplateId:920937336;","3600","1296000","Sun May 05 01:10:56 PDT 2019","","","3NKQQ8O39ZRY83X5LLDCYL21VYRDUR","A2ITJNPW1LDUN7","Submitted","Thu Apr 25 16:39:00 PDT 2019","Thu Apr 25 16:39:14 PDT 2019","Fri May 10 16:39:14 PDT 2019","","","","14","100% (334/334)","100% (334/334)","100% (277/277)","","","","","","Liking: <b>good</b>","Genres: <b>action-adventure, platformer</b>","","","","","","","Why is it you find action-adventure platformers so good?"
"3NOEP8XAU4NWSKWW5XASU2M4I0XXPW","3A16Z7407X7X2RNP3LNTY92QIC3OJL","Write a conversational response about a video game based on its attributes and context (type: request explanation; attr.: 2)","Produce a dialogic utterance given specific attributes about a video game, such as its name, genre and available platforms","dialog, video game, attributes, writing, entertainment, chat, conversation, creative","$0.07","Tue Apr 23 19:05:24 PDT 2019","2","BatchId:3618458;OriginalHitTemplateId:920937336;","3600","1296000","Sun May 05 01:10:56 PDT 2019","","","3WLEIWSYHP3607T5OXMWJNM76LF2HV","A1MW021IG07IMF","Submitted","Sat May 04 00:11:28 PDT 2019","Sat May 04 00:11:58 PDT 2019","Sun May 19 00:11:58 PDT 2019","","","","30","100% (404/404)","100% (404/404)","100% (246/246)","","","","","","Liking: <b>good</b>","Genres: <b>action-adventure, platformer</b>","","","","","","","Hey, so what is it about action-adventure platformers that you enjoy?"
"3CKVGCS3PGQL8M6DU2PFGT44VDK0SL","3A16Z7407X7X2RNP3LNTY92QIC3OJL","Write a conversational response about a video game based on its attributes and context (type: request explanation; attr.: 2)","Produce a dialogic utterance given specific attributes about a video game, such as its name, genre and available platforms","dialog, video game, attributes, writing, entertainment, chat, conversation, creative","$0.07","Tue Apr 23 19:05:24 PDT 2019","2","BatchId:3618458;OriginalHitTemplateId:920937336;","3600","1296000","Sun May 05 01:10:56 PDT 2019","","","3KB8R4ZV1FTMOOYQNKXPZGDALRFGBC","A1MW021IG07IMF","Submitted","Sat May 04 00:15:09 PDT 2019","Sat May 04 00:16:05 PDT 2019","Sun May 19 00:16:05 PDT 2019","","","","56","100% (404/404)","100% (404/404)","100% (246/246)","","","","Developer: <b>Ubisoft Montreal</b>","","Liking: <b>good</b>","","","","","","","","Why is it that games made by Ubisoft Montreal are games you find enjoyable?"
"3CKVGCS3PGQL8M6DU2PFGT44VDK0SL","3A16Z7407X7X2RNP3LNTY92QIC3OJL","Write a conversational response about a video game based on its attributes and context (type: request explanation; attr.: 2)","Produce a dialogic utterance given specific attributes about a video game, such as its name, genre and available platforms","dialog, video game, attributes, writing, entertainment, chat, conversation, creative","$0.07","Tue Apr 23 19:05:24 PDT 2019","2","BatchId:3618458;OriginalHitTemplateId:920937336;","3600","1296000","Sun May 05 01:10:56 PDT 2019","","","3LO69W1SU4ZY1XK2EXMJDJ9FVZELGF","A2ITJNPW1LDUN7","Submitted","Thu Apr 25 16:42:37 PDT 2019","Thu Apr 25 16:43:06 PDT 2019","Fri May 10 16:43:06 PDT 2019","","","","29","100% (334/334)","100% (334/334)","100% (277/277)","","","","Developer: <b>Ubisoft Montreal</b>","","Liking: <b>good</b>","","","","","","","","Why do you like games from Ubisoft Montreal?"
"34ZTTGSNJX9K66XW067VRLOKZ61HQF","3A16Z7407X7X2RNP3LNTY92QIC3OJL","Write a conversational response about a video game based on its attributes and context (type: request explanation; attr.: 2)","Produce a dialogic utterance given specific attributes about a video game, such as its name, genre and available platforms","dialog, video game, attributes, writing, entertainment, chat, conversation, creative","$0.07","Tue Apr 23 19:05:24 PDT 2019","2","BatchId:3618458;OriginalHitTemplateId:920937336;","3600","1296000","Sun May 05 01:10:56 PDT 2019","","","3EQHHY4HQTEKZ8HHMA6CWUDI99EG5M","A2ITJNPW1LDUN7","Submitted","Thu Apr 25 16:38:17 PDT 2019","Thu Apr 25 16:38:24 PDT 2019","Fri May 10 16:38:24 PDT 2019","","","","7","100% (334/334)","100% (334/334)","100% (277/277)","","","","","","Liking: <b>good</b>","","","","","Available on Steam: <b>yes</b>","","","What is it you like about games on steam?"
"34ZTTGSNJX9K66XW067VRLOKZ61HQF","3A16Z7407X7X2RNP3LNTY92QIC3OJL","Write a conversational response about a video game based on its attributes and context (type: request explanation; attr.: 2)","Produce a dialogic utterance given specific attributes about a video game, such as its name, genre and available platforms","dialog, video game, attributes, writing, entertainment, chat, conversation, creative","$0.07","Tue Apr 23 19:05:24 PDT 2019","2","BatchId:3618458;OriginalHitTemplateId:920937336;","3600","1296000","Sun May 05 01:10:56 PDT 2019","","","3WR9XG3T64XJAW2GF2J8LPUBCWE74T","A1MW021IG07IMF","Submitted","Sat May 04 00:05:04 PDT 2019","Sat May 04 00:05:42 PDT 2019","Sun May 19 00:05:42 PDT 2019","","","","38","100% (404/404)","100% (404/404)","100% (246/246)","","","","","","Liking: <b>good</b>","","","","","Available on Steam: <b>yes</b>","","","If you don't mind me asking, what is it about the games available on Steam that you find enjoyable?"
"3UL5XDRDNC42K9D5DAPMGX0U0RO58B","3A16Z7407X7X2RNP3LNTY92QIC3OJL","Write a conversational response about a video game based on its attributes and context (type: request explanation; attr.: 2)","Produce a dialogic utterance given specific attributes about a video game, such as its name, genre and available platforms","dialog, video game, attributes, writing, entertainment, chat, conversation, creative","$0.07","Tue Apr 23 19:05:24 PDT 2019","2","BatchId:3618458;OriginalHitTemplateId:920937336;","3600","1296000","Sun May 05 01:10:56 PDT 2019","","","3CPLWGV3MPL9AN0FC4WOYURHWHJN9S","A2ITJNPW1LDUN7","Submitted","Thu Apr 25 16:42:46 PDT 2019","Thu Apr 25 16:44:44 PDT 2019","Fri May 10 16:44:44 PDT 2019","","","","118","100% (334/334)","100% (334/334)","100% (277/277)","","","","","","Liking: <b>good</b>","","Player perspective: <b>third person</b>","","","","","","What do you like about third person games?"
"3UL5XDRDNC42K9D5DAPMGX0U0RO58B","3A16Z7407X7X2RNP3LNTY92QIC3OJL","Write a conversational response about a video game based on its attributes and context (type: request explanation; attr.: 2)","Produce a dialogic utterance given specific attributes about a video game, such as its name, genre and available platforms","dialog, video game, attributes, writing, entertainment, chat, conversation, creative","$0.07","Tue Apr 23 19:05:24 PDT 2019","2","BatchId:3618458;OriginalHitTemplateId:920937336;","3600","1296000","Sun May 05 01:10:56 PDT 2019","","","3IO1LGZLKAJ1PXBD8V4TWNAKJ7N86Z","A1MW021IG07IMF","Submitted","Fri May 03 23:51:46 PDT 2019","Fri May 03 23:52:28 PDT 2019","Sat May 18 23:52:28 PDT 2019","","","","42","100% (404/404)","100% (404/404)","100% (246/246)","","","","","","Liking: <b>good</b>","","Player perspective: <b>third person</b>","","","","","","What is it about third person games that makes you find them enjoyable?"
"3M67TQBQQH9Z4K8WDYMHO4BRCB7A9B","3A16Z7407X7X2RNP3LNTY92QIC3OJL","Write a conversational response about a video game based on its attributes and context (type: request explanation; attr.: 2)","Produce a dialogic utterance given specific attributes about a video game, such as its name, genre and available platforms","dialog, video game, attributes, writing, entertainment, chat, conversation, creative","$0.07","Tue Apr 23 19:05:24 PDT 2019","2","BatchId:3618458;OriginalHitTemplateId:920937336;","3600","1296000","Sun May 05 01:10:56 PDT 2019","","","3GFK2QRXXA3GWU7H1FAUIXZ63X45WA","A2ITJNPW1LDUN7","Submitted","Thu Apr 25 16:38:25 PDT 2019","Thu Apr 25 16:38:31 PDT 2019","Fri May 10 16:38:31 PDT 2019","","","","6","100% (334/334)","100% (334/334)","100% (277/277)","","","","","","Liking: <b>good</b>","","","Has multiplayer: <b>no</b>","","","","","What do you enjoy about single player games?"
"3M67TQBQQH9Z4K8WDYMHO4BRCB7A9B","3A16Z7407X7X2RNP3LNTY92QIC3OJL","Write a conversational response about a video game based on its attributes and context (type: request explanation; attr.: 2)","Produce a dialogic utterance given specific attributes about a video game, such as its name, genre and available platforms","dialog, video game, attributes, writing, entertainment, chat, conversation, creative","$0.07","Tue Apr 23 19:05:24 PDT 2019","2","BatchId:3618458;OriginalHitTemplateId:920937336;","3600","1296000","Sun May 05 01:10:56 PDT 2019","","","3W92K5RLWV33H57CB55YWVGSYAJ5VR","A1MW021IG07IMF","Submitted","Sat May 04 00:21:27 PDT 2019","Sat May 04 00:22:00 PDT 2019","Sun May 19 00:22:00 PDT 2019","","","","33","100% (404/404)","100% (404/404)","100% (246/246)","","","","","","Liking: <b>good</b>","","","Has multiplayer: <b>no</b>","","","","","I've been wondering, why is it that if a game has no multiplayer option, you always find it enjoyable?"
"3GS542CVJV82YEWFI2V0GTV5KX6590","3A16Z7407X7X2RNP3LNTY92QIC3OJL","Write a conversational response about a video game based on its attributes and context (type: request explanation; attr.: 2)","Produce a dialogic utterance given specific attributes about a video game, such as its name, genre and available platforms","dialog, video game, attributes, writing, entertainment, chat, conversation, creative","$0.07","Tue Apr 23 19:05:24 PDT 2019","2","BatchId:3618458;OriginalHitTemplateId:920937336;","3600","1296000","Sun May 05 01:10:56 PDT 2019","","","3LWJHTCVCD83EU4KVIOXCK8X4Q1FQZ","A2ITJNPW1LDUN7","Submitted","Thu Apr 25 16:42:59 PDT 2019","Thu Apr 25 16:46:42 PDT 2019","Fri May 10 16:46:42 PDT 2019","","","","223","100% (334/334)","100% (334/334)","100% (277/277)","","","","","","Liking: <b>average</b>","","","","Platform: <b>PlayStation</b>","","","","Why do you find PLayStation games so average?"
"3GS542CVJV82YEWFI2V0GTV5KX6590","3A16Z7407X7X2RNP3LNTY92QIC3OJL","Write a conversational response about a video game based on its attributes and context (type: request explanation; attr.: 2)","Produce a dialogic utterance given specific attributes about a video game, such as its name, genre and available platforms","dialog, video game, attributes, writing, entertainment, chat, conversation, creative","$0.07","Tue Apr 23 19:05:24 PDT 2019","2","BatchId:3618458;OriginalHitTemplateId:920937336;","3600","1296000","Sun May 05 01:10:56 PDT 2019","","","3VW04L3ZLUS4NDWHHQPBCZ4X7K0XXV","A1MW021IG07IMF","Submitted","Sat May 04 00:20:56 PDT 2019","Sat May 04 00:21:26 PDT 2019","Sun May 19 00:21:26 PDT 2019","","","","30","100% (404/404)","100% (404/404)","100% (246/246)","","","","","","Liking: <b>average</b>","","","","Platform: <b>PlayStation</b>","","","","So hey, why is it that you find games on the PlayStation to be so thoroughly average?"
"3SCKNODZ0X12AKES75T2WE4LGSI7NG","3A16Z7407X7X2RNP3LNTY92QIC3OJL","Write a conversational response about a video game based on its attributes and context (type: request explanation; attr.: 2)","Produce a dialogic utterance given specific attributes about a video game, such as its name, genre and available platforms","dialog, video game, attributes, writing, entertainment, chat, conversation, creative","$0.07","Tue Apr 23 19:05:24 PDT 2019","2","BatchId:3618458;OriginalHitTemplateId:920937336;","3600","1296000","Sun May 05 01:10:56 PDT 2019","","","3CFVK00FWM7W44VW2KDX1SWQ37N6LK","A1MW021IG07IMF","Submitted","Fri May 03 23:55:40 PDT 2019","Fri May 03 23:56:12 PDT 2019","Sat May 18 23:56:12 PDT 2019","","","","32","100% (404/404)","100% (404/404)","100% (246/246)","","","","","","Liking: <b>average</b>","","Player perspective: <b>third person</b>","","","","","","Why is it that you find games with a third person perspective to be mediocre?"
"3SCKNODZ0X12AKES75T2WE4LGSI7NG","3A16Z7407X7X2RNP3LNTY92QIC3OJL","Write a conversational response about a video game based on its attributes and context (type: request explanation; attr.: 2)","Produce a dialogic utterance given specific attributes about a video game, such as its name, genre and available platforms","dialog, video game, attributes, writing, entertainment, chat, conversation, creative","$0.07","Tue Apr 23 19:05:24 PDT 2019","2","BatchId:3618458;OriginalHitTemplateId:920937336;","3600","1296000","Sun May 05 01:10:56 PDT 2019","","","3QILPRALQ6H9WIH57CQAYYW6C088N9","A2ITJNPW1LDUN7","Submitted","Wed Apr 24 12:37:41 PDT 2019","Wed Apr 24 12:37:50 PDT 2019","Thu May 09 12:37:50 PDT 2019","","","","9","100% (334/334)","100% (334/334)","100% (277/277)","","","","","","Liking: <b>average</b>","","Player perspective: <b>third person</b>","","","","","","Why do you think third person games are so average in quality?"
"3X4Q1O9UBH7KS5E48KTFB34Q62N7OV","3A16Z7407X7X2RNP3LNTY92QIC3OJL","Write a conversational response about a video game based on its attributes and context (type: request explanation; attr.: 2)","Produce a dialogic utterance given specific attributes about a video game, such as its name, genre and available platforms","dialog, video game, attributes, writing, entertainment, chat, conversation, creative","$0.07","Tue Apr 23 19:05:24 PDT 2019","2","BatchId:3618458;OriginalHitTemplateId:920937336;","3600","1296000","Sun May 05 01:10:56 PDT 2019","","","3MX2NQ3YCAGVLUC7BK6GKGDDELQ5XT","A1MW021IG07IMF","Submitted","Sat May 04 00:16:34 PDT 2019","Sat May 04 00:17:05 PDT 2019","Sun May 19 00:17:05 PDT 2019","","","","31","100% (404/404)","100% (404/404)","100% (246/246)","","","","","","Liking: <b>average</b>","","","Has multiplayer: <b>yes</b>","","","","","If you don't mind me asking, why do you find games with multiplayer to be mediocre?"
"3X4Q1O9UBH7KS5E48KTFB34Q62N7OV","3A16Z7407X7X2RNP3LNTY92QIC3OJL","Write a conversational response about a video game based on its attributes and context (type: request explanation; attr.: 2)","Produce a dialogic utterance given specific attributes about a video game, such as its name, genre and available platforms","dialog, video game, attributes, writing, entertainment, chat, conversation, creative","$0.07","Tue Apr 23 19:05:24 PDT 2019","2","BatchId:3618458;OriginalHitTemplateId:920937336;","3600","1296000","Sun May 05 01:10:56 PDT 2019","","","3TAYZSBPLMUVQG7LZRYVN1T9DAHS2H","A2ITJNPW1LDUN7","Submitted","Thu Apr 25 16:42:38 PDT 2019","Thu Apr 25 16:43:16 PDT 2019","Fri May 10 16:43:16 PDT 2019","","","","38","100% (334/334)","100% (334/334)","100% (277/277)","","","","","","Liking: <b>average</b>","","","Has multiplayer: <b>yes</b>","","","","","Is there anything about multiplayer games you find so average?"
"3SD15I2WD2FC2G7D6C4VHM6JG0736X","3A16Z7407X7X2RNP3LNTY92QIC3OJL","Write a conversational response about a video game based on its attributes and context (type: request explanation; attr.: 2)","Produce a dialogic utterance given specific attributes about a video game, such as its name, genre and available platforms","dialog, video game, attributes, writing, entertainment, chat, conversation, creative","$0.07","Tue Apr 23 19:05:24 PDT 2019","2","BatchId:3618458;OriginalHitTemplateId:920937336;","3600","1296000","Sun May 05 01:10:56 PDT 2019","","","3NPFYT4IZDQT1R1RSGP7OD424U1XG0","A1MW021IG07IMF","Submitted","Sat May 04 00:01:41 PDT 2019","Sat May 04 00:02:20 PDT 2019","Sun May 19 00:02:20 PDT 2019","","","","39","100% (404/404)","100% (404/404)","100% (246/246)","","","","Developer: <b>Attention To Detail</b>","","Liking: <b>average</b>","","","","","","","","Can you explain to me, why is it that the games made by Attention To Detail are ones you always find to be average in quality?"
"3SD15I2WD2FC2G7D6C4VHM6JG0736X","3A16Z7407X7X2RNP3LNTY92QIC3OJL","Write a conversational response about a video game based on its attributes and context (type: request explanation; attr.: 2)","Produce a dialogic utterance given specific attributes about a video game, such as its name, genre and available platforms","dialog, video game, attributes, writing, entertainment, chat, conversation, creative","$0.07","Tue Apr 23 19:05:24 PDT 2019","2","BatchId:3618458;OriginalHitTemplateId:920937336;","3600","1296000","Sun May 05 01:10:56 PDT 2019","","","3QUO65DNQVAPC0OUBURS9FE0ZCYUO5","A2ITJNPW1LDUN7","Submitted","Thu Apr 25 16:42:39 PDT 2019","Thu Apr 25 16:43:37 PDT 2019","Fri May 10 16:43:37 PDT 2019","","","","58","100% (334/334)","100% (334/334)","100% (277/277)","","","","Developer: <b>Attention To Detail</b>","","Liking: <b>average</b>","","","","","","","","Why do you find attention to detail to be so average?"
"3T2EL38U0M5HSWXB5APHU7CENWJXQN","3A16Z7407X7X2RNP3LNTY92QIC3OJL","Write a conversational response about a video game based on its attributes and context (type: request explanation; attr.: 2)","Produce a dialogic utterance given specific attributes about a video game, such as its name, genre and available platforms","dialog, video game, attributes, writing, entertainment, chat, conversation, creative","$0.07","Tue Apr 23 19:05:24 PDT 2019","2","BatchId:3618458;OriginalHitTemplateId:920937336;","3600","1296000","Sun May 05 01:10:56 PDT 2019","","","32M8BPYGAU8WBWCWTUP6L3HNEVKGIW","A2ITJNPW1LDUN7","Submitted","Thu Apr 25 16:38:39 PDT 2019","Thu Apr 25 16:38:52 PDT 2019","Fri May 10 16:38:52 PDT 2019","","","","13","100% (334/334)","100% (334/334)","100% (277/277)","","Year: <b>1999</b>","","","","Liking: <b>average</b>","","","","","","","","Why do you think games from 1999 are so adequate?"
"3T2EL38U0M5HSWXB5APHU7CENWJXQN","3A16Z7407X7X2RNP3LNTY92QIC3OJL","Write a conversational response about a video game based on its attributes and context (type: request explanation; attr.: 2)","Produce a dialogic utterance given specific attributes about a video game, such as its name, genre and available platforms","dialog, video game, attributes, writing, entertainment, chat, conversation, creative","$0.07","Tue Apr 23 19:05:24 PDT 2019","2","BatchId:3618458;OriginalHitTemplateId:920937336;","3600","1296000","Sun May 05 01:10:56 PDT 2019","","","3SB5N7Y3O4QL41VGP400FZHRUNF0G7","A1MW021IG07IMF","Submitted","Fri May 03 23:54:16 PDT 2019","Fri May 03 23:54:46 PDT 2019","Sat May 18 23:54:46 PDT 2019","","","","30","100% (404/404)","100% (404/404)","100% (246/246)","","Year: <b>1999</b>","","","","Liking: <b>average</b>","","","","","","","","So I've been wondering, why did you say that games released in 1999 are merely average?"
"3IZPORCT1FUKI7CWDLWVWBYPVS3HRG","3A16Z7407X7X2RNP3LNTY92QIC3OJL","Write a conversational response about a video game based on its attributes and context (type: request explanation; attr.: 2)","Produce a dialogic utterance given specific attributes about a video game, such as its name, genre and available platforms","dialog, video game, attributes, writing, entertainment, chat, conversation, creative","$0.07","Tue Apr 23 19:05:24 PDT 2019","2","BatchId:3618458;OriginalHitTemplateId:920937336;","3600","1296000","Sun May 05 01:10:56 PDT 2019","","","3VNXK88KKD4MIS9OEVIF8BLUK619VL","A1MW021IG07IMF","Submitted","Sat May 04 00:18:13 PDT 2019","Sat May 04 00:18:34 PDT 2019","Sun May 19 00:18:34 PDT 2019","","","","21","100% (404/404)","100% (404/404)","100% (246/246)","","","","","","Liking: <b>good</b>","","","","","Available on Steam: <b>yes</b>","","","Why do you tend to enjoy games that are released on Steam?"
"3IZPORCT1FUKI7CWDLWVWBYPVS3HRG","3A16Z7407X7X2RNP3LNTY92QIC3OJL","Write a conversational response about a video game based on its attributes and context (type: request explanation; attr.: 2)","Produce a dialogic utterance given specific attributes about a video game, such as its name, genre and available platforms","dialog, video game, attributes, writing, entertainment, chat, conversation, creative","$0.07","Tue Apr 23 19:05:24 PDT 2019","2","BatchId:3618458;OriginalHitTemplateId:920937336;","3600","1296000","Sun May 05 01:10:56 PDT 2019","","","3YMTUJH0DT268UZNS5M9QLMTZ7QT42","A2ITJNPW1LDUN7","Submitted","Thu Apr 25 16:37:26 PDT 2019","Thu Apr 25 16:37:36 PDT 2019","Fri May 10 16:37:36 PDT 2019","","","","10","100% (334/334)","100% (334/334)","100% (277/277)","","","","","","Liking: <b>good</b>","","","","","Available on Steam: <b>yes</b>","","","Why do you like games on steam?"
"3DQYSJDTYLWSVT76WJUH0QN04TWEXT","3A16Z7407X7X2RNP3LNTY92QIC3OJL","Write a conversational response about a video game based on its attributes and context (type: request explanation; attr.: 2)","Produce a dialogic utterance given specific attributes about a video game, such as its name, genre and available platforms","dialog, video game, attributes, writing, entertainment, chat, conversation, creative","$0.07","Tue Apr 23 19:05:24 PDT 2019","2","BatchId:3618458;OriginalHitTemplateId:920937336;","3600","1296000","Sun May 05 01:10:56 PDT 2019","","","3P1L2B7AD2BMTA102GZRISIHML5LO2","A2ITJNPW1LDUN7","Submitted","Thu Apr 25 16:42:57 PDT 2019","Thu Apr 25 16:46:19 PDT 2019","Fri May 10 16:46:19 PDT 2019","","","","202","100% (334/334)","100% (334/334)","100% (277/277)","","","","","","Liking: <b>good</b>","Genres: <b>adventure, point-and-click</b>","","","","","","","Why do you enjoy point and click adventure games so much?"
"3DQYSJDTYLWSVT76WJUH0QN04TWEXT","3A16Z7407X7X2RNP3LNTY92QIC3OJL","Write a conversational response about a video game based on its attributes and context (type: request explanation; attr.: 2)","Produce a dialogic utterance given specific attributes about a video game, such as its name, genre and available platforms","dialog, video game, attributes, writing, entertainment, chat, conversation, creative","$0.07","Tue Apr 23 19:05:24 PDT 2019","2","BatchId:3618458;OriginalHitTemplateId:920937336;","3600","1296000","Sun May 05 01:10:56 PDT 2019","","","3RUIQRXJBCAENPY3POJZQBENT2ELL9","A1MW021IG07IMF","Submitted","Sat May 04 00:07:59 PDT 2019","Sat May 04 00:08:52 PDT 2019","Sun May 19 00:08:52 PDT 2019","","","","53","100% (404/404)","100% (404/404)","100% (246/246)","","","","","","Liking: <b>good</b>","Genres: <b>adventure, point-and-click</b>","","","","","","","I've been curious about this, but why do you enjoy point-and-click adventure games?"
"3PA41K45VNP2D5Q5NK6U039GG7J7PC","3A16Z7407X7X2RNP3LNTY92QIC3OJL","Write a conversational response about a video game based on its attributes and context (type: request explanation; attr.: 2)","Produce a dialogic utterance given specific attributes about a video game, such as its name, genre and available platforms","dialog, video game, attributes, writing, entertainment, chat, conversation, creative","$0.07","Tue Apr 23 19:05:24 PDT 2019","2","BatchId:3618458;OriginalHitTemplateId:920937336;","3600","1296000","Sun May 05 01:10:56 PDT 2019","","","32SVAV9L3GVGB2HAMRQ9LB4VZ4Q3AX","A1MW021IG07IMF","Submitted","Sat May 04 00:16:06 PDT 2019","Sat May 04 00:16:34 PDT 2019","Sun May 19 00:16:34 PDT 2019","","","","28","100% (404/404)","100% (404/404)","100% (246/246)","","","","","","Liking: <b>good</b>","","","","","","","Has a Mac release: <b>yes</b>","Why is it you always tend to like games that have a Mac release?"
"3PA41K45VNP2D5Q5NK6U039GG7J7PC","3A16Z7407X7X2RNP3LNTY92QIC3OJL","Write a conversational response about a video game based on its attributes and context (type: request explanation; attr.: 2)","Produce a dialogic utterance given specific attributes about a video game, such as its name, genre and available platforms","dialog, video game, attributes, writing, entertainment, chat, conversation, creative","$0.07","Tue Apr 23 19:05:24 PDT 2019","2","BatchId:3618458;OriginalHitTemplateId:920937336;","3600","1296000","Sun May 05 01:10:56 PDT 2019","","","3URFVVM16641B421D329PDL4JG1UZ7","A2ITJNPW1LDUN7","Submitted","Thu Apr 25 16:42:54 PDT 2019","Thu Apr 25 16:45:53 PDT 2019","Fri May 10 16:45:53 PDT 2019","","","","179","100% (334/334)","100% (334/334)","100% (277/277)","","","","","","Liking: <b>good</b>","","","","","","","Has a Mac release: <b>yes</b>","Why do you like Mac games?"
"3IVKZBIBJ0UWJMC9SAW0ML3LHUMHS4","3A16Z7407X7X2RNP3LNTY92QIC3OJL","Write a conversational response about a video game based on its attributes and context (type: request explanation; attr.: 2)","Produce a dialogic utterance given specific attributes about a video game, such as its name, genre and available platforms","dialog, video game, attributes, writing, entertainment, chat, conversation, creative","$0.07","Tue Apr 23 19:05:24 PDT 2019","2","BatchId:3618458;OriginalHitTemplateId:920937336;","3600","1296000","Sun May 05 01:10:56 PDT 2019","","","34Q075JO1YZO0M5D7LFX8CDLSYW108","A1MW021IG07IMF","Submitted","Fri May 03 23:54:47 PDT 2019","Fri May 03 23:55:40 PDT 2019","Sat May 18 23:55:40 PDT 2019","","","","53","100% (404/404)","100% (404/404)","100% (246/246)","","","","Developer: <b>Telltale Games</b>","","Liking: <b>good</b>","","","","","","","","So if you don't mind explaining, what is it about the games created by Telltale Games that you like?"
"3IVKZBIBJ0UWJMC9SAW0ML3LHUMHS4","3A16Z7407X7X2RNP3LNTY92QIC3OJL","Write a conversational response about a video game based on its attributes and context (type: request explanation; attr.: 2)","Produce a dialogic utterance given specific attributes about a video game, such as its name, genre and available platforms","dialog, video game, attributes, writing, entertainment, chat, conversation, creative","$0.07","Tue Apr 23 19:05:24 PDT 2019","2","BatchId:3618458;OriginalHitTemplateId:920937336;","3600","1296000","Sun May 05 01:10:56 PDT 2019","","","3GU1KF0O4JNS11RPQ3NCTPR2KWNBPM","A2ITJNPW1LDUN7","Submitted","Thu Apr 25 16:39:23 PDT 2019","Thu Apr 25 16:39:32 PDT 2019","Fri May 10 16:39:32 PDT 2019","","","","9","100% (334/334)","100% (334/334)","100% (277/277)","","","","Developer: <b>Telltale Games</b>","","Liking: <b>good</b>","","","","","","","","What is it about telltale games' games that you find so good?"
"3VO4XFFP157NDHRKNXLJ08ZQL357Q3","3A16Z7407X7X2RNP3LNTY92QIC3OJL","Write a conversational response about a video game based on its attributes and context (type: request explanation; attr.: 2)","Produce a dialogic utterance given specific attributes about a video game, such as its name, genre and available platforms","dialog, video game, attributes, writing, entertainment, chat, conversation, creative","$0.07","Tue Apr 23 19:05:24 PDT 2019","2","BatchId:3618458;OriginalHitTemplateId:920937336;","3600","1296000","Sun May 05 01:10:56 PDT 2019","","","3F6KKYWMNCNLDDDWOK1QKQA7N2YND9","A2ITJNPW1LDUN7","Submitted","Thu Apr 25 16:42:52 PDT 2019","Thu Apr 25 16:45:41 PDT 2019","Fri May 10 16:45:41 PDT 2019","","","","169","100% (334/334)","100% (334/334)","100% (277/277)","","","","","","Liking: <b>good</b>","","Player perspective: <b>third person</b>","","","","","","Why do you have so much fun with third person games?"
"3VO4XFFP157NDHRKNXLJ08ZQL357Q3","3A16Z7407X7X2RNP3LNTY92QIC3OJL","Write a conversational response about a video game based on its attributes and context (type: request explanation; attr.: 2)","Produce a dialogic utterance given specific attributes about a video game, such as its name, genre and available platforms","dialog, video game, attributes, writing, entertainment, chat, conversation, creative","$0.07","Tue Apr 23 19:05:24 PDT 2019","2","BatchId:3618458;OriginalHitTemplateId:920937336;","3600","1296000","Sun May 05 01:10:56 PDT 2019","","","3VHP9MDGRO6ZKTU1Q0N2SFJG2XBCFC","A1MW021IG07IMF","Submitted","Fri May 03 23:52:44 PDT 2019","Fri May 03 23:53:15 PDT 2019","Sat May 18 23:53:15 PDT 2019","","","","31","100% (404/404)","100% (404/404)","100% (246/246)","","","","","","Liking: <b>good</b>","","Player perspective: <b>third person</b>","","","","","","So I've been wondering for a while now, what is it about third person games that makes you feel they're good?"
"38F60IALAG2MNMJSJ2U5QY0QXWY0TA","3A16Z7407X7X2RNP3LNTY92QIC3OJL","Write a conversational response about a video game based on its attributes and context (type: request explanation; attr.: 2)","Produce a dialogic utterance given specific attributes about a video game, such as its name, genre and available platforms","dialog, video game, attributes, writing, entertainment, chat, conversation, creative","$0.07","Tue Apr 23 19:05:24 PDT 2019","2","BatchId:3618458;OriginalHitTemplateId:920937336;","3600","1296000","Sun May 05 01:10:56 PDT 2019","","","3SB5N7Y3O4QL41VGP400FZHRS13G01","A2ITJNPW1LDUN7","Submitted","Thu Apr 25 16:42:48 PDT 2019","Thu Apr 25 16:45:01 PDT 2019","Fri May 10 16:45:01 PDT 2019","","","","133","100% (334/334)","100% (334/334)","100% (277/277)","","","","Developer: <b>Visual Concepts</b>","","Liking: <b>good</b>","","","","","","","","What makes you think Visual Concept's games are so good?"
"38F60IALAG2MNMJSJ2U5QY0QXWY0TA","3A16Z7407X7X2RNP3LNTY92QIC3OJL","Write a conversational response about a video game based on its attributes and context (type: request explanation; attr.: 2)","Produce a dialogic utterance given specific attributes about a video game, such as its name, genre and available platforms","dialog, video game, attributes, writing, entertainment, chat, conversation, creative","$0.07","Tue Apr 23 19:05:24 PDT 2019","2","BatchId:3618458;OriginalHitTemplateId:920937336;","3600","1296000","Sun May 05 01:10:56 PDT 2019","","","3ZSANO2JCGTFRAJXNMD27KNYO0XFS9","A1MW021IG07IMF","Submitted","Fri May 03 23:53:53 PDT 2019","Fri May 03 23:54:16 PDT 2019","Sat May 18 23:54:16 PDT 2019","","","","23","100% (404/404)","100% (404/404)","100% (246/246)","","","","Developer: <b>Visual Concepts</b>","","Liking: <b>good</b>","","","","","","","","What is it about the games developed by Visual Concepts that makes them enjoyable to you?"
"3EQVJH0T406XYMPOHA1QWQZ7JD0HTT","3A16Z7407X7X2RNP3LNTY92QIC3OJL","Write a conversational response about a video game based on its attributes and context (type: request explanation; attr.: 2)","Produce a dialogic utterance given specific attributes about a video game, such as its name, genre and available platforms","dialog, video game, attributes, writing, entertainment, chat, conversation, creative","$0.07","Tue Apr 23 19:05:24 PDT 2019","2","BatchId:3618458;OriginalHitTemplateId:920937336;","3600","1296000","Sun May 05 01:10:56 PDT 2019","","","3R08VXYT7DHVJYL0P8PRGHD2WPC7WE","A1MW021IG07IMF","Submitted","Sat May 04 00:01:06 PDT 2019","Sat May 04 00:01:40 PDT 2019","Sun May 19 00:01:40 PDT 2019","","","","34","100% (404/404)","100% (404/404)","100% (246/246)","","","","","","Liking: <b>good</b>","","","","Platform: <b>PC</b>","","","","So why is it you generally find PC games enjoyable?"
"3EQVJH0T406XYMPOHA1QWQZ7JD0HTT","3A16Z7407X7X2RNP3LNTY92QIC3OJL","Write a conversational response about a video game based on its attributes and context (type: request explanation; attr.: 2)","Produce a dialogic utterance given specific attributes about a video game, such as its name, genre and available platforms","dialog, video game, attributes, writing, entertainment, chat, conversation, creative","$0.07","Tue Apr 23 19:05:24 PDT 2019","2","BatchId:3618458;OriginalHitTemplateId:920937336;","3600","1296000","Sun May 05 01:10:56 PDT 2019","","","3RXPCZQMQQXLBQGYLN40T401XT91GP","A2ITJNPW1LDUN7","Submitted","Thu Apr 25 16:39:51 PDT 2019","Thu Apr 25 16:39:56 PDT 2019","Fri May 10 16:39:56 PDT 2019","","","","5","100% (334/334)","100% (334/334)","100% (277/277)","","","","","","Liking: <b>good</b>","","","","Platform: <b>PC</b>","","","","Why do you like PC games?"
"3IKDQS3DQELG80YX16OL7S0IV4FCIY","3A16Z7407X7X2RNP3LNTY92QIC3OJL","Write a conversational response about a video game based on its attributes and context (type: request explanation; attr.: 2)","Produce a dialogic utterance given specific attributes about a video game, such as its name, genre and available platforms","dialog, video game, attributes, writing, entertainment, chat, conversation, creative","$0.07","Tue Apr 23 19:05:24 PDT 2019","2","BatchId:3618458;OriginalHitTemplateId:920937336;","3600","1296000","Sun May 05 01:10:56 PDT 2019","","","3TEM0PF1Q6JISHLPNEZS9EEUFYUD09","A2ITJNPW1LDUN7","Submitted","Wed Apr 24 12:37:08 PDT 2019","Wed Apr 24 12:37:22 PDT 2019","Thu May 09 12:37:22 PDT 2019","","","","14","100% (334/334)","100% (334/334)","100% (277/277)","","","","","","Liking: <b>good</b>","Genres: <b>sport</b>","","","","","","","Why do you prefer sports games?"
"3IKDQS3DQELG80YX16OL7S0IV4FCIY","3A16Z7407X7X2RNP3LNTY92QIC3OJL","Write a conversational response about a video game based on its attributes and context (type: request explanation; attr.: 2)","Produce a dialogic utterance given specific attributes about a video game, such as its name, genre and available platforms","dialog, video game, attributes, writing, entertainment, chat, conversation, creative","$0.07","Tue Apr 23 19:05:24 PDT 2019","2","BatchId:3618458;OriginalHitTemplateId:920937336;","3600","1296000","Sun May 05 01:10:56 PDT 2019","","","3Y4W8Q93L06YLIM5QBNHU74KBRBDV1","A1MW021IG07IMF","Submitted","Fri May 03 23:52:28 PDT 2019","Fri May 03 23:52:44 PDT 2019","Sat May 18 23:52:44 PDT 2019","","","","16","100% (404/404)","100% (404/404)","100% (246/246)","","","","","","Liking: <b>good</b>","Genres: <b>sport</b>","","","","","","","So now I'm curious, why do you like sport games?"
"372AGES0I4QH4XCBIPEHZXMJJILXRO","3A16Z7407X7X2RNP3LNTY92QIC3OJL","Write a conversational response about a video game based on its attributes and context (type: request explanation; attr.: 2)","Produce a dialogic utterance given specific attributes about a video game, such as its name, genre and available platforms","dialog, video game, attributes, writing, entertainment, chat, conversation, creative","$0.07","Tue Apr 23 19:05:24 PDT 2019","2","BatchId:3618458;OriginalHitTemplateId:920937336;","3600","1296000","Sun May 05 01:10:56 PDT 2019","","","3H7Z272LX8T4EAD1HGC67SN7WQ1PLN","A2ITJNPW1LDUN7","Submitted","Thu Apr 25 16:42:47 PDT 2019","Thu Apr 25 16:44:51 PDT 2019","Fri May 10 16:44:51 PDT 2019","","","","124","100% (334/334)","100% (334/334)","100% (277/277)","","","","","","Liking: <b>good</b>","","Player perspective: <b>third person</b>","","","","","","what is it you enjoy about third person games?"
"372AGES0I4QH4XCBIPEHZXMJJILXRO","3A16Z7407X7X2RNP3LNTY92QIC3OJL","Write a conversational response about a video game based on its attributes and context (type: request explanation; attr.: 2)","Produce a dialogic utterance given specific attributes about a video game, such as its name, genre and available platforms","dialog, video game, attributes, writing, entertainment, chat, conversation, creative","$0.07","Tue Apr 23 19:05:24 PDT 2019","2","BatchId:3618458;OriginalHitTemplateId:920937336;","3600","1296000","Sun May 05 01:10:56 PDT 2019","","","3OVHNO1VE7NFU2RFR8CKFDHGZ2JZDP","A1MW021IG07IMF","Submitted","Sat May 04 00:04:20 PDT 2019","Sat May 04 00:05:03 PDT 2019","Sun May 19 00:05:03 PDT 2019","","","","43","100% (404/404)","100% (404/404)","100% (246/246)","","","","","","Liking: <b>good</b>","","Player perspective: <b>third person</b>","","","","","","So I'm curious now, why do you tend to enjoy games that are played from a third person perspective?"
"37Y5RYYI0PQT5CCOXEEMP7RF5K4XSC","3A16Z7407X7X2RNP3LNTY92QIC3OJL","Write a conversational response about a video game based on its attributes and context (type: request explanation; attr.: 2)","Produce a dialogic utterance given specific attributes about a video game, such as its name, genre and available platforms","dialog, video game, attributes, writing, entertainment, chat, conversation, creative","$0.07","Tue Apr 23 19:05:24 PDT 2019","2","BatchId:3618458;OriginalHitTemplateId:920937336;","3600","1296000","Sun May 05 01:10:56 PDT 2019","","","3LEP4MGT3HMJC4OZLUWHTVAD8ZWBDU","A1MW021IG07IMF","Submitted","Fri May 03 23:56:13 PDT 2019","Fri May 03 23:56:36 PDT 2019","Sat May 18 23:56:36 PDT 2019","","","","23","100% (404/404)","100% (404/404)","100% (246/246)","","","","","","Liking: <b>good</b>","","","Has multiplayer: <b>yes</b>","","","","","So I'm curious, why is it you seem to enjoy multiplayer games like you do?"
"37Y5RYYI0PQT5CCOXEEMP7RF5K4XSC","3A16Z7407X7X2RNP3LNTY92QIC3OJL","Write a conversational response about a video game based on its attributes and context (type: request explanation; attr.: 2)","Produce a dialogic utterance given specific attributes about a video game, such as its name, genre and available platforms","dialog, video game, attributes, writing, entertainment, chat, conversation, creative","$0.07","Tue Apr 23 19:05:24 PDT 2019","2","BatchId:3618458;OriginalHitTemplateId:920937336;","3600","1296000","Sun May 05 01:10:56 PDT 2019","","","3NPI0JQDAPRSXNL6QPEXTJXOQ3NPTQ","A2ITJNPW1LDUN7","Submitted","Thu Apr 25 16:42:53 PDT 2019","Thu Apr 25 16:45:48 PDT 2019","Fri May 10 16:45:48 PDT 2019","","","","175","100% (334/334)","100% (334/334)","100% (277/277)","","","","","","Liking: <b>good</b>","","","Has multiplayer: <b>yes</b>","","","","","What about multiplayer games do you find enjoyable?"
"3T6EIBTM9L9D93I1540HKZMBITPAAQ","3A16Z7407X7X2RNP3LNTY92QIC3OJL","Write a conversational response about a video game based on its attributes and context (type: request explanation; attr.: 2)","Produce a dialogic utterance given specific attributes about a video game, such as its name, genre and available platforms","dialog, video game, attributes, writing, entertainment, chat, conversation, creative","$0.07","Tue Apr 23 19:05:24 PDT 2019","2","BatchId:3618458;OriginalHitTemplateId:920937336;","3600","1296000","Sun May 05 01:10:56 PDT 2019","","","31LVTDXBL8WPQNTGU8GVCNNMX8PLRB","A2ITJNPW1LDUN7","Submitted","Thu Apr 25 16:40:04 PDT 2019","Thu Apr 25 16:40:14 PDT 2019","Fri May 10 16:40:14 PDT 2019","","","","10","100% (334/334)","100% (334/334)","100% (277/277)","","","","","","Liking: <b>excellent</b>","Genres: <b>shooter</b>","","","","","","","What is it about shooters you find so great?"
"3T6EIBTM9L9D93I1540HKZMBITPAAQ","3A16Z7407X7X2RNP3LNTY92QIC3OJL","Write a conversational response about a video game based on its attributes and context (type: request explanation; attr.: 2)","Produce a dialogic utterance given specific attributes about a video game, such as its name, genre and available platforms","dialog, video game, attributes, writing, entertainment, chat, conversation, creative","$0.07","Tue Apr 23 19:05:24 PDT 2019","2","BatchId:3618458;OriginalHitTemplateId:920937336;","3600","1296000","Sun May 05 01:10:56 PDT 2019","","","3BEFOD78W7F2VZ93J8LX47R17L6M4G","A1MW021IG07IMF","Submitted","Fri May 03 23:53:24 PDT 2019","Fri May 03 23:53:52 PDT 2019","Sat May 18 23:53:52 PDT 2019","","","","28","100% (404/404)","100% (404/404)","100% (246/246)","","","","","","Liking: <b>excellent</b>","Genres: <b>shooter</b>","","","","","","","So if you don't mind me asking, why do you love shooter games so much?"
"391FPZIE4C7CYZ4DHFR01ML92R7HUK","3A16Z7407X7X2RNP3LNTY92QIC3OJL","Write a conversational response about a video game based on its attributes and context (type: request explanation; attr.: 2)","Produce a dialogic utterance given specific attributes about a video game, such as its name, genre and available platforms","dialog, video game, attributes, writing, entertainment, chat, conversation, creative","$0.07","Tue Apr 23 19:05:25 PDT 2019","2","BatchId:3618458;OriginalHitTemplateId:920937336;","3600","1296000","Sun May 05 01:10:56 PDT 2019","","","37TRT2X24RDWFQORVQISWT5QDJUBJ9","A1MW021IG07IMF","Submitted","Fri May 03 23:59:18 PDT 2019","Fri May 03 23:59:58 PDT 2019","Sat May 18 23:59:58 PDT 2019","","","","40","100% (404/404)","100% (404/404)","100% (246/246)","","Year: <b>2004</b>","","","","Liking: <b>excellent</b>","","","","","","","","So I've gotten curious now, what is it about games released in 2004 that causes you to rave about how awesome they are all the time?"
"391FPZIE4C7CYZ4DHFR01ML92R7HUK","3A16Z7407X7X2RNP3LNTY92QIC3OJL","Write a conversational response about a video game based on its attributes and context (type: request explanation; attr.: 2)","Produce a dialogic utterance given specific attributes about a video game, such as its name, genre and available platforms","dialog, video game, attributes, writing, entertainment, chat, conversation, creative","$0.07","Tue Apr 23 19:05:25 PDT 2019","2","BatchId:3618458;OriginalHitTemplateId:920937336;","3600","1296000","Sun May 05 01:10:56 PDT 2019","","","3PEIJLRY6UFPYDRR7LTPAGQQWLKXWW","A2ITJNPW1LDUN7","Submitted","Wed Apr 24 12:36:59 PDT 2019","Wed Apr 24 12:37:08 PDT 2019","Thu May 09 12:37:08 PDT 2019","","","","9","100% (334/334)","100% (334/334)","100% (277/277)","","Year: <b>2004</b>","","","","Liking: <b>excellent</b>","","","","","","","","What made 2004 such an excellent year for games?"
"3IYI9285WSLC3BI3JO9LJTFI8J4CJA","3A16Z7407X7X2RNP3LNTY92QIC3OJL","Write a conversational response about a video game based on its attributes and context (type: request explanation; attr.: 2)","Produce a dialogic utterance given specific attributes about a video game, such as its name, genre and available platforms","dialog, video game, attributes, writing, entertainment, chat, conversation, creative","$0.07","Tue Apr 23 19:05:25 PDT 2019","2","BatchId:3618458;OriginalHitTemplateId:920937336;","3600","1296000","Sun May 05 01:10:56 PDT 2019","","","37TRT2X24RDWFQORVQISWT5QBXHJBU","A2ITJNPW1LDUN7","Submitted","Thu Apr 25 16:39:15 PDT 2019","Thu Apr 25 16:39:23 PDT 2019","Fri May 10 16:39:23 PDT 2019","","","","8","100% (334/334)","100% (334/334)","100% (277/277)","","","","","","Liking: <b>excellent</b>","","","","Platform: <b>PC</b>","","","","Why do you love PC games so much?"
"3IYI9285WSLC3BI3JO9LJTFI8J4CJA","3A16Z7407X7X2RNP3LNTY92QIC3OJL","Write a conversational response about a video game based on its attributes and context (type: request explanation; attr.: 2)","Produce a dialogic utterance given specific attributes about a video game, such as its name, genre and available platforms","dialog, video game, attributes, writing, entertainment, chat, conversation, creative","$0.07","Tue Apr 23 19:05:25 PDT 2019","2","BatchId:3618458;OriginalHitTemplateId:920937336;","3600","1296000","Sun May 05 01:10:56 PDT 2019","","","3ZPBJO59KQNT3HRLLM6DF6DB3C3DHE","A1MW021IG07IMF","Submitted","Sat May 04 00:07:33 PDT 2019","Sat May 04 00:07:59 PDT 2019","Sun May 19 00:07:59 PDT 2019","","","","26","100% (404/404)","100% (404/404)","100% (246/246)","","","","","","Liking: <b>excellent</b>","","","","Platform: <b>PC</b>","","","","What is it about games on the PC that makes you feel they're so amazing?"
"33QQ60S6AS31NZYHJ7KFVUMSGA50U1","3A16Z7407X7X2RNP3LNTY92QIC3OJL","Write a conversational response about a video game based on its attributes and context (type: request explanation; attr.: 2)","Produce a dialogic utterance given specific attributes about a video game, such as its name, genre and available platforms","dialog, video game, attributes, writing, entertainment, chat, conversation, creative","$0.07","Tue Apr 23 19:05:25 PDT 2019","2","BatchId:3618458;OriginalHitTemplateId:920937336;","3600","1296000","Sun May 05 01:10:56 PDT 2019","","","3AMW0RGHOEOU2AGMTTSLKKRW1L1PNP","A2ITJNPW1LDUN7","Submitted","Thu Apr 25 16:42:49 PDT 2019","Thu Apr 25 16:45:08 PDT 2019","Fri May 10 16:45:08 PDT 2019","","","","139","100% (334/334)","100% (334/334)","100% (277/277)","","","","","","Liking: <b>excellent</b>","","","","","","","Has a Mac release: <b>yes</b>","Why do you think that Mac games are so great?"
"33QQ60S6AS31NZYHJ7KFVUMSGA50U1","3A16Z7407X7X2RNP3LNTY92QIC3OJL","Write a conversational response about a video game based on its attributes and context (type: request explanation; attr.: 2)","Produce a dialogic utterance given specific attributes about a video game, such as its name, genre and available platforms","dialog, video game, attributes, writing, entertainment, chat, conversation, creative","$0.07","Tue Apr 23 19:05:25 PDT 2019","2","BatchId:3618458;OriginalHitTemplateId:920937336;","3600","1296000","Sun May 05 01:10:56 PDT 2019","","","3M0NZ3JDP2KKQPCMC2U1H1TOMLNZ5J","A1MW021IG07IMF","Submitted","Sat May 04 00:17:05 PDT 2019","Sat May 04 00:17:41 PDT 2019","Sun May 19 00:17:41 PDT 2019","","","","36","100% (404/404)","100% (404/404)","100% (246/246)","","","","","","Liking: <b>excellent</b>","","","","","","","Has a Mac release: <b>yes</b>","Why is it that if a game has a Mac release, it's always one of your favorite games?"
"3KLL7H3EGDMCBETDM515X8NSGYGHV9","3A16Z7407X7X2RNP3LNTY92QIC3OJL","Write a conversational response about a video game based on its attributes and context (type: request explanation; attr.: 2)","Produce a dialogic utterance given specific attributes about a video game, such as its name, genre and available platforms","dialog, video game, attributes, writing, entertainment, chat, conversation, creative","$0.07","Tue Apr 23 19:05:25 PDT 2019","2","BatchId:3618458;OriginalHitTemplateId:920937336;","3600","1296000","Sun May 05 01:10:56 PDT 2019","","","3C8HJ7UOP8GIYWXS41BNY34A6UYZMK","A2ITJNPW1LDUN7","Submitted","Thu Apr 25 16:42:50 PDT 2019","Thu Apr 25 16:45:26 PDT 2019","Fri May 10 16:45:26 PDT 2019","","","","156","100% (334/334)","100% (334/334)","100% (277/277)","","","","Developer: <b>Valve Corporation</b>","","Liking: <b>excellent</b>","","","","","","","","What is it about Valve Corporation's games that appeals to you?"
"3KLL7H3EGDMCBETDM515X8NSGYGHV9","3A16Z7407X7X2RNP3LNTY92QIC3OJL","Write a conversational response about a video game based on its attributes and context (type: request explanation; attr.: 2)","Produce a dialogic utterance given specific attributes about a video game, such as its name, genre and available platforms","dialog, video game, attributes, writing, entertainment, chat, conversation, creative","$0.07","Tue Apr 23 19:05:25 PDT 2019","2","BatchId:3618458;OriginalHitTemplateId:920937336;","3600","1296000","Sun May 05 01:10:56 PDT 2019","","","3TY7ZAOG5G6Q6NRZFVLFDR9K140K0Y","A1MW021IG07IMF","Submitted","Sat May 04 00:19:00 PDT 2019","Sat May 04 00:19:45 PDT 2019","Sun May 19 00:19:45 PDT 2019","","","","45","100% (404/404)","100% (404/404)","100% (246/246)","","","","Developer: <b>Valve Corporation</b>","","Liking: <b>excellent</b>","","","","","","","","So hey, why is it that games developed by Valve Corporation are games you find amazing?"
"3V8JSVE8YYBHVYXG1FGJJ4U96ZQEYZ","3A16Z7407X7X2RNP3LNTY92QIC3OJL","Write a conversational response about a video game based on its attributes and context (type: request explanation; attr.: 2)","Produce a dialogic utterance given specific attributes about a video game, such as its name, genre and available platforms","dialog, video game, attributes, writing, entertainment, chat, conversation, creative","$0.07","Tue Apr 23 19:05:25 PDT 2019","2","BatchId:3618458;OriginalHitTemplateId:920937336;","3600","1296000","Sun May 05 01:10:56 PDT 2019","","","3BQU611VFQ6OLLWLBUDJGTWXRHA991","A2ITJNPW1LDUN7","Submitted","Wed Apr 24 12:43:07 PDT 2019","Wed Apr 24 12:44:02 PDT 2019","Thu May 09 12:44:02 PDT 2019","","","","55","100% (334/334)","100% (334/334)","100% (277/277)","","","","Developer: <b>SIE Santa Monica Studio</b>","","Liking: <b>excellent</b>","","","","","","","","Why do you think SIE Santa Monica Studio is so much better than others?"
"3V8JSVE8YYBHVYXG1FGJJ4U96ZQEYZ","3A16Z7407X7X2RNP3LNTY92QIC3OJL","Write a conversational response about a video game based on its attributes and context (type: request explanation; attr.: 2)","Produce a dialogic utterance given specific attributes about a video game, such as its name, genre and available platforms","dialog, video game, attributes, writing, entertainment, chat, conversation, creative","$0.07","Tue Apr 23 19:05:25 PDT 2019","2","BatchId:3618458;OriginalHitTemplateId:920937336;","3600","1296000","Sun May 05 01:10:56 PDT 2019","","","3PZDLQMM0U7FJZIP258V8WPRTT8C2U","A1MW021IG07IMF","Submitted","Fri May 03 23:59:58 PDT 2019","Sat May 04 00:00:34 PDT 2019","Sun May 19 00:00:34 PDT 2019","","","","36","100% (404/404)","100% (404/404)","100% (246/246)","","","","Developer: <b>SIE Santa Monica Studio</b>","","Liking: <b>excellent</b>","","","","","","","","Can you explain to me what it is about the games developed by SIE Santa Monica Studio that makes you love them so much?"
"3NSCTNUR2Z8G3X6KA890CO6PQFO5AF","3A16Z7407X7X2RNP3LNTY92QIC3OJL","Write a conversational response about a video game based on its attributes and context (type: request explanation; attr.: 2)","Produce a dialogic utterance given specific attributes about a video game, such as its name, genre and available platforms","dialog, video game, attributes, writing, entertainment, chat, conversation, creative","$0.07","Tue Apr 23 19:05:25 PDT 2019","2","BatchId:3618458;OriginalHitTemplateId:920937336;","3600","1296000","Sun May 05 01:10:56 PDT 2019","","","3OCHAWUVGP6Y3DXAI7AMM5WV9P5XKG","A2ITJNPW1LDUN7","Submitted","Thu Apr 25 16:42:56 PDT 2019","Thu Apr 25 16:46:10 PDT 2019","Fri May 10 16:46:10 PDT 2019","","","","194","100% (334/334)","100% (334/334)","100% (277/277)","","","","","ESRB content rating: <b>M (for Mature)</b>","Liking: <b>excellent</b>","","","","","","","","What is it about M rated games that you find so excellent?"
"3NSCTNUR2Z8G3X6KA890CO6PQFO5AF","3A16Z7407X7X2RNP3LNTY92QIC3OJL","Write a conversational response about a video game based on its attributes and context (type: request explanation; attr.: 2)","Produce a dialogic utterance given specific attributes about a video game, such as its name, genre and available platforms","dialog, video game, attributes, writing, entertainment, chat, conversation, creative","$0.07","Tue Apr 23 19:05:25 PDT 2019","2","BatchId:3618458;OriginalHitTemplateId:920937336;","3600","1296000","Sun May 05 01:10:56 PDT 2019","","","3ZPBJO59KQNT3HRLLM6DF6DB3C3HDI","A1MW021IG07IMF","Submitted","Sat May 04 00:05:42 PDT 2019","Sat May 04 00:06:48 PDT 2019","Sun May 19 00:06:48 PDT 2019","","","","66","100% (404/404)","100% (404/404)","100% (246/246)","","","","","ESRB content rating: <b>M (for Mature)</b>","Liking: <b>excellent</b>","","","","","","","","I'm wondering, why is it you love M rated games so much?"
"3EAWOID6MTI10ENHOXUKRGOBUHE0VQ","3A16Z7407X7X2RNP3LNTY92QIC3OJL","Write a conversational response about a video game based on its attributes and context (type: request explanation; attr.: 2)","Produce a dialogic utterance given specific attributes about a video game, such as its name, genre and available platforms","dialog, video game, attributes, writing, entertainment, chat, conversation, creative","$0.07","Tue Apr 23 19:05:25 PDT 2019","2","BatchId:3618458;OriginalHitTemplateId:920937336;","3600","1296000","Sun May 05 01:10:56 PDT 2019","","","3IQ1VMJRYU62Q46Q30RJCO7HXAK9AU","A2ITJNPW1LDUN7","Submitted","Thu Apr 25 16:38:52 PDT 2019","Thu Apr 25 16:39:00 PDT 2019","Fri May 10 16:39:00 PDT 2019","","","","8","100% (334/334)","100% (334/334)","100% (277/277)","","Year: <b>2018</b>","","","","Liking: <b>excellent</b>","","","","","","","","What do you find so amazing about games from 2017?"
"3EAWOID6MTI10ENHOXUKRGOBUHE0VQ","3A16Z7407X7X2RNP3LNTY92QIC3OJL","Write a conversational response about a video game based on its attributes and context (type: request explanation; attr.: 2)","Produce a dialogic utterance given specific attributes about a video game, such as its name, genre and available platforms","dialog, video game, attributes, writing, entertainment, chat, conversation, creative","$0.07","Tue Apr 23 19:05:25 PDT 2019","2","BatchId:3618458;OriginalHitTemplateId:920937336;","3600","1296000","Sun May 05 01:10:56 PDT 2019","","","3LOZAJ85YEZ3MXTKT14IM9A1UBX2XN","A1MW021IG07IMF","Submitted","Sat May 04 00:02:20 PDT 2019","Sat May 04 00:02:42 PDT 2019","Sun May 19 00:02:42 PDT 2019","","","","22","100% (404/404)","100% (404/404)","100% (246/246)","","Year: <b>2018</b>","","","","Liking: <b>excellent</b>","","","","","","","","What is it about the games that came out in 2018 that makes you feel they're excellent?"
"34R3P23QHSMPQ3TICF61JA66N7IHWJ","3A16Z7407X7X2RNP3LNTY92QIC3OJL","Write a conversational response about a video game based on its attributes and context (type: request explanation; attr.: 2)","Produce a dialogic utterance given specific attributes about a video game, such as its name, genre and available platforms","dialog, video game, attributes, writing, entertainment, chat, conversation, creative","$0.07","Tue Apr 23 19:05:25 PDT 2019","2","BatchId:3618458;OriginalHitTemplateId:920937336;","3600","1296000","Sun May 05 01:10:56 PDT 2019","","","34T446B1C108NPFBNI4HP8WCU9BC0N","A2ITJNPW1LDUN7","Submitted","Thu Apr 25 16:39:56 PDT 2019","Thu Apr 25 16:40:04 PDT 2019","Fri May 10 16:40:04 PDT 2019","","","","8","100% (334/334)","100% (334/334)","100% (277/277)","","","","","","Liking: <b>excellent</b>","","Player perspective: <b>third person</b>","","","","","","Why do you love third person games so much?"
"34R3P23QHSMPQ3TICF61JA66N7IHWJ","3A16Z7407X7X2RNP3LNTY92QIC3OJL","Write a conversational response about a video game based on its attributes and context (type: request explanation; attr.: 2)","Produce a dialogic utterance given specific attributes about a video game, such as its name, genre and available platforms","dialog, video game, attributes, writing, entertainment, chat, conversation, creative","$0.07","Tue Apr 23 19:05:25 PDT 2019","2","BatchId:3618458;OriginalHitTemplateId:920937336;","3600","1296000","Sun May 05 01:10:56 PDT 2019","","","382M9COHEI1309B5HGOW43KMXW6UEP","A1MW021IG07IMF","Submitted","Sat May 04 00:06:48 PDT 2019","Sat May 04 00:07:32 PDT 2019","Sun May 19 00:07:32 PDT 2019","","","","44","100% (404/404)","100% (404/404)","100% (246/246)","","","","","","Liking: <b>excellent</b>","","Player perspective: <b>third person</b>","","","","","","I'm curious, why is it that games with a third person perspective are always your favorites?"
"3A9LA2FRWSZ4F3Y8MK2NLTKDW9OHXC","3A16Z7407X7X2RNP3LNTY92QIC3OJL","Write a conversational response about a video game based on its attributes and context (type: request explanation; attr.: 2)","Produce a dialogic utterance given specific attributes about a video game, such as its name, genre and available platforms","dialog, video game, attributes, writing, entertainment, chat, conversation, creative","$0.07","Tue Apr 23 19:05:25 PDT 2019","2","BatchId:3618458;OriginalHitTemplateId:920937336;","3600","1296000","Sun May 05 01:10:56 PDT 2019","","","386CSBG1O087V1B9UPLTIEVKDDEQ6X","A1MW021IG07IMF","Submitted","Sat May 04 00:20:15 PDT 2019","Sat May 04 00:20:56 PDT 2019","Sun May 19 00:20:56 PDT 2019","","","","41","100% (404/404)","100% (404/404)","100% (246/246)","","","","","","Liking: <b>excellent</b>","Genres: <b>action-adventure, platformer, role-playing</b>","","","","","","","I'm curious, what is it about action-adventure platformers with role-playing elements that makes them some of your favorite games ever?"
"3A9LA2FRWSZ4F3Y8MK2NLTKDW9OHXC","3A16Z7407X7X2RNP3LNTY92QIC3OJL","Write a conversational response about a video game based on its attributes and context (type: request explanation; attr.: 2)","Produce a dialogic utterance given specific attributes about a video game, such as its name, genre and available platforms","dialog, video game, attributes, writing, entertainment, chat, conversation, creative","$0.07","Tue Apr 23 19:05:25 PDT 2019","2","BatchId:3618458;OriginalHitTemplateId:920937336;","3600","1296000","Sun May 05 01:10:56 PDT 2019","","","3R9WASFE202CSM5BIE7A3DK19TMFZT","A2ITJNPW1LDUN7","Submitted","Thu Apr 25 16:42:45 PDT 2019","Thu Apr 25 16:44:36 PDT 2019","Fri May 10 16:44:36 PDT 2019","","","","111","100% (334/334)","100% (334/334)","100% (277/277)","","","","","","Liking: <b>excellent</b>","Genres: <b>action-adventure, platformer, role-playing</b>","","","","","","","What is it about action-adventure platformer RPGs that you find so great?"
"3NZ1E5QA6ZMLM7BCGM9W7ZQV8X95BA","3A16Z7407X7X2RNP3LNTY92QIC3OJL","Write a conversational response about a video game based on its attributes and context (type: request explanation; attr.: 2)","Produce a dialogic utterance given specific attributes about a video game, such as its name, genre and available platforms","dialog, video game, attributes, writing, entertainment, chat, conversation, creative","$0.07","Tue Apr 23 19:05:25 PDT 2019","2","BatchId:3618458;OriginalHitTemplateId:920937336;","3600","1296000","Sun May 05 01:10:56 PDT 2019","","","3634BBTX0PGQXWG1IAJO3IHBF20IFP","A1MW021IG07IMF","Submitted","Sat May 04 00:19:45 PDT 2019","Sat May 04 00:20:15 PDT 2019","Sun May 19 00:20:15 PDT 2019","","","","30","100% (404/404)","100% (404/404)","100% (246/246)","","","","","","Liking: <b>excellent</b>","","","","Platform: <b>Nintendo</b>","","","","So what is it about the games on the Nintendo that makes you love them so much?"
"3NZ1E5QA6ZMLM7BCGM9W7ZQV8X95BA","3A16Z7407X7X2RNP3LNTY92QIC3OJL","Write a conversational response about a video game based on its attributes and context (type: request explanation; attr.: 2)","Produce a dialogic utterance given specific attributes about a video game, such as its name, genre and available platforms","dialog, video game, attributes, writing, entertainment, chat, conversation, creative","$0.07","Tue Apr 23 19:05:25 PDT 2019","2","BatchId:3618458;OriginalHitTemplateId:920937336;","3600","1296000","Sun May 05 01:10:56 PDT 2019","","","3NPI0JQDAPRSXNL6QPEXTJXOQSUPTB","A2ITJNPW1LDUN7","Submitted","Wed Apr 24 12:37:51 PDT 2019","Wed Apr 24 12:38:19 PDT 2019","Thu May 09 12:38:19 PDT 2019","","","","28","100% (334/334)","100% (334/334)","100% (277/277)","","","","","","Liking: <b>excellent</b>","","","","Platform: <b>Nintendo</b>","","","","Why do you think nintendo makes such excellent games?"
"3TD33TP5DLNISDNTBI0DFA6H0BAABL","3A16Z7407X7X2RNP3LNTY92QIC3OJL","Write a conversational response about a video game based on its attributes and context (type: request explanation; attr.: 2)","Produce a dialogic utterance given specific attributes about a video game, such as its name, genre and available platforms","dialog, video game, attributes, writing, entertainment, chat, conversation, creative","$0.07","Tue Apr 23 19:05:25 PDT 2019","2","BatchId:3618458;OriginalHitTemplateId:920937336;","3600","1296000","Sun May 05 01:10:56 PDT 2019","","","31JLPPHS2VG5D6BBWAVRM6O0OLQO3D","A1MW021IG07IMF","Submitted","Fri May 03 23:58:01 PDT 2019","Fri May 03 23:58:32 PDT 2019","Sat May 18 23:58:32 PDT 2019","","","","31","100% (404/404)","100% (404/404)","100% (246/246)","","","","","","Liking: <b>excellent</b>","Genres: <b>action-adventure, shooter</b>","","","","","","","So why are action-adventure shooters some of your favorite games ever?"
"3TD33TP5DLNISDNTBI0DFA6H0BAABL","3A16Z7407X7X2RNP3LNTY92QIC3OJL","Write a conversational response about a video game based on its attributes and context (type: request explanation; attr.: 2)","Produce a dialogic utterance given specific attributes about a video game, such as its name, genre and available platforms","dialog, video game, attributes, writing, entertainment, chat, conversation, creative","$0.07","Tue Apr 23 19:05:25 PDT 2019","2","BatchId:3618458;OriginalHitTemplateId:920937336;","3600","1296000","Sun May 05 01:10:56 PDT 2019","","","3VAR3R6G1QNRE3HH8RQNDNWB2L68O3","A2ITJNPW1LDUN7","Submitted","Thu Apr 25 16:37:43 PDT 2019","Thu Apr 25 16:38:16 PDT 2019","Fri May 10 16:38:16 PDT 2019","","","","33","100% (334/334)","100% (334/334)","100% (277/277)","","","","","","Liking: <b>excellent</b>","Genres: <b>action-adventure, shooter</b>","","","","","","","What do you find so great about action-adventure shooters?"
"3BFNCI9LYKBV6GLIPM9NN06FBBR37W","3A16Z7407X7X2RNP3LNTY92QIC3OJL","Write a conversational response about a video game based on its attributes and context (type: request explanation; attr.: 2)","Produce a dialogic utterance given specific attributes about a video game, such as its name, genre and available platforms","dialog, video game, attributes, writing, entertainment, chat, conversation, creative","$0.07","Tue Apr 23 19:05:25 PDT 2019","2","BatchId:3618458;OriginalHitTemplateId:920937336;","3600","1296000","Sun May 05 01:10:56 PDT 2019","","","3PPTZCWALR69JBVKWUI4FCOFGVVZQ7","A2ITJNPW1LDUN7","Submitted","Thu Apr 25 16:42:58 PDT 2019","Thu Apr 25 16:46:34 PDT 2019","Fri May 10 16:46:34 PDT 2019","","","","216","100% (334/334)","100% (334/334)","100% (277/277)","","Year: <b>2005</b>","","","","Liking: <b>excellent</b>","","","","","","","","What is it about 2005's games that you think are so great?"
"3BFNCI9LYKBV6GLIPM9NN06FBBR37W","3A16Z7407X7X2RNP3LNTY92QIC3OJL","Write a conversational response about a video game based on its attributes and context (type: request explanation; attr.: 2)","Produce a dialogic utterance given specific attributes about a video game, such as its name, genre and available platforms","dialog, video game, attributes, writing, entertainment, chat, conversation, creative","$0.07","Tue Apr 23 19:05:25 PDT 2019","2","BatchId:3618458;OriginalHitTemplateId:920937336;","3600","1296000","Sun May 05 01:10:56 PDT 2019","","","3YMTUJH0DT268UZNS5M9QLMT1T74T4","A1MW021IG07IMF","Submitted","Sat May 04 00:18:35 PDT 2019","Sat May 04 00:18:59 PDT 2019","Sun May 19 00:18:59 PDT 2019","","","","24","100% (404/404)","100% (404/404)","100% (246/246)","","Year: <b>2005</b>","","","","Liking: <b>excellent</b>","","","","","","","","So what is it about the games that were released in 2005 that you find so excellent?"
"39O0SQZVJNSNPI6K0CAJ5Y9VHP77R4","3A16Z7407X7X2RNP3LNTY92QIC3OJL","Write a conversational response about a video game based on its attributes and context (type: request explanation; attr.: 2)","Produce a dialogic utterance given specific attributes about a video game, such as its name, genre and available platforms","dialog, video game, attributes, writing, entertainment, chat, conversation, creative","$0.07","Tue Apr 23 19:05:25 PDT 2019","2","BatchId:3618458;OriginalHitTemplateId:920937336;","3600","1296000","Mon May 06 20:48:15 PDT 2019","","","3QAVNHZ3ENQXR67ZSXU9HXYCZQGALH","A1MW021IG07IMF","Submitted","Sat May 04 00:12:32 PDT 2019","Sat May 04 00:14:29 PDT 2019","Sun May 19 00:14:29 PDT 2019","","","","117","100% (404/404)","100% (404/404)","100% (246/246)","","","","Developer: <b>Capcom Production Studio 4</b>","","Liking: <b>excellent</b>","","","","","","","","So why do you love the games made by Capcom Production Studio 4 so much?"
"3W31J70BASH7EVOL199XK8FVN84CK9","3A16Z7407X7X2RNP3LNTY92QIC3OJL","Write a conversational response about a video game based on its attributes and context (type: request explanation; attr.: 2)","Produce a dialogic utterance given specific attributes about a video game, such as its name, genre and available platforms","dialog, video game, attributes, writing, entertainment, chat, conversation, creative","$0.07","Tue Apr 23 19:05:25 PDT 2019","2","BatchId:3618458;OriginalHitTemplateId:920937336;","3600","1296000","Sun May 05 01:10:56 PDT 2019","","","3OUYGIZWR8KRHEOFSNQN98VJVE30PC","A1MW021IG07IMF","Submitted","Fri May 03 23:59:00 PDT 2019","Fri May 03 23:59:18 PDT 2019","Sat May 18 23:59:18 PDT 2019","","","","18","100% (404/404)","100% (404/404)","100% (246/246)","","","","","ESRB content rating: <b>M (for Mature)</b>","Liking: <b>excellent</b>","","","","","","","","Why do you always seem to really, really love M rated games?"
"3W31J70BASH7EVOL199XK8FVN84CK9","3A16Z7407X7X2RNP3LNTY92QIC3OJL","Write a conversational response about a video game based on its attributes and context (type: request explanation; attr.: 2)","Produce a dialogic utterance given specific attributes about a video game, such as its name, genre and available platforms","dialog, video game, attributes, writing, entertainment, chat, conversation, creative","$0.07","Tue Apr 23 19:05:25 PDT 2019","2","BatchId:3618458;OriginalHitTemplateId:920937336;","3600","1296000","Sun May 05 01:10:56 PDT 2019","","","3P529IW9KZ7SNXO73DG1VY93U9LFLV","A2ITJNPW1LDUN7","Submitted","Wed Apr 24 12:38:19 PDT 2019","Wed Apr 24 12:43:07 PDT 2019","Thu May 09 12:43:07 PDT 2019","","","","288","100% (334/334)","100% (334/334)","100% (277/277)","","","","","ESRB content rating: <b>M (for Mature)</b>","Liking: <b>excellent</b>","","","","","","","","Why do you like M rated games so much?"